Customer Feedback,Survey Score,Odr ID,Customer ID,Delivery Date,Delivery Partner,PD ID,Resolution Status
Package was delayed but support helped,1,ORD-41312,CUST-10182,2025-02-10,UPS,PROD-11916,Escalated
"On-time delivery, very satisfied",5,ORD-44231,CUST-10527,2025-07-23,DHL,PROD-11321,Escalated
Damaged box but product fine,7,ORD-42841,CUST-10932,2025-03-13,Delhivery,PROD-11146,Escalated
Excellent service,4,ORD-40237,CUST-10243,2025-04-23,BlueDart,PROD-11285,Resolved
Quick and smooth delivery,3,ORD-44030,CUST-10889,2025-01-27,DHL,PROD-11251,Escalated
Package was delayed but support helped,1,ORD-40156,CUST-10513,2025-01-03,UPS,PROD-11779,Resolved
Damaged box but product fine,3,ORD-44825,CUST-10439,2025-07-20,UPS,PROD-11719,Escalated
"On-time delivery, very satisfied",2,ORD-41193,CUST-10925,2025-05-30,FedEx,PROD-11703,Escalated
Damaged box but product fine,7,ORD-43222,CUST-10485,2025-04-23,FedEx,PROD-11636,Escalated
Damaged box but product fine,8,ORD-41047,CUST-10587,2025-02-06,Delhivery,PROD-11435,Escalated
Quick and smooth delivery,4,ORD-40605,CUST-10181,2025-08-27,UPS,PROD-11428,Pending
Damaged box but product fine,1,ORD-44513,CUST-10450,2025-08-19,BlueDart,PROD-11629,Resolved
"On-time delivery, very satisfied",1,ORD-42956,CUST-10009,2025-02-27,BlueDart,PROD-11627,Escalated
"On-time delivery, very satisfied",4,ORD-40485,CUST-10788,2025-06-12,DHL,PROD-11953,Pending
Excellent service,4,ORD-40891,CUST-10223,2025-08-12,BlueDart,PROD-11773,Pending
Excellent service,5,ORD-40692,CUST-10161,2025-06-08,Delhivery,PROD-11202,Escalated
Damaged box but product fine,3,ORD-41742,CUST-10366,2025-01-30,UPS,PROD-11034,Resolved
Package was delayed but support helped,5,ORD-42744,CUST-10193,2025-08-23,BlueDart,PROD-11877,Resolved
Excellent service,10,ORD-42799,CUST-10072,2025-06-26,Delhivery,PROD-11149,Pending
Excellent service,10,ORD-41273,CUST-10714,2025-04-27,Delhivery,PROD-11668,Escalated
Quick and smooth delivery,9,ORD-41869,CUST-10795,2025-08-02,DHL,PROD-11751,Escalated
Quick and smooth delivery,4,ORD-43014,CUST-10282,2025-05-05,BlueDart,PROD-11865,Resolved
Package was delayed but support helped,8,ORD-40767,CUST-10361,2025-06-16,BlueDart,PROD-11616,Resolved
Quick and smooth delivery,5,ORD-43158,CUST-10060,2025-08-14,FedEx,PROD-11853,Escalated
Quick and smooth delivery,4,ORD-44956,CUST-10424,2025-06-16,DHL,PROD-11441,Resolved
Excellent service,9,ORD-43819,CUST-10080,2025-01-25,FedEx,PROD-11164,Pending
Excellent service,4,ORD-41795,CUST-10244,2025-06-28,Delhivery,PROD-11230,Escalated
Package was delayed but support helped,9,ORD-43863,CUST-10210,2025-03-25,DHL,PROD-11451,Escalated
Package was delayed but support helped,3,ORD-42904,CUST-10734,2025-07-23,BlueDart,PROD-11652,Escalated
"On-time delivery, very satisfied",3,ORD-43404,CUST-10208,2025-02-13,BlueDart,PROD-11562,Resolved
Quick and smooth delivery,7,ORD-43619,CUST-10915,2025-03-23,DHL,PROD-11061,Resolved
Quick and smooth delivery,7,ORD-41694,CUST-10265,2025-01-22,Delhivery,PROD-11736,Resolved
Quick and smooth delivery,4,ORD-41435,CUST-10960,2025-05-17,Delhivery,PROD-11782,Resolved
Damaged box but product fine,9,ORD-44903,CUST-10686,2025-06-19,BlueDart,PROD-11567,Pending
Quick and smooth delivery,10,ORD-44846,CUST-10123,2025-07-05,UPS,PROD-11390,Escalated
Damaged box but product fine,6,ORD-42332,CUST-10979,2025-03-23,DHL,PROD-11151,Resolved
Excellent service,5,ORD-43728,CUST-10920,2025-07-25,UPS,PROD-11308,Escalated
Quick and smooth delivery,10,ORD-41310,CUST-10894,2025-01-11,BlueDart,PROD-11417,Resolved
Excellent service,9,ORD-44791,CUST-10200,2025-06-29,Delhivery,PROD-11370,Pending
Excellent service,1,ORD-44761,CUST-10846,2025-07-04,Delhivery,PROD-11233,Escalated
Excellent service,9,ORD-41109,CUST-10805,2025-03-01,DHL,PROD-11648,Pending
Quick and smooth delivery,4,ORD-40196,CUST-10885,2025-02-04,Delhivery,PROD-11068,Escalated
Quick and smooth delivery,1,ORD-41032,CUST-10915,2025-06-14,UPS,PROD-11581,Pending
Excellent service,1,ORD-43267,CUST-10154,2025-08-22,FedEx,PROD-11989,Resolved
Excellent service,5,ORD-44186,CUST-10336,2025-02-02,Delhivery,PROD-11244,Pending
Package was delayed but support helped,2,ORD-42433,CUST-10525,2025-07-29,DHL,PROD-11427,Resolved
Package was delayed but support helped,8,ORD-41999,CUST-10996,2025-01-11,UPS,PROD-11589,Resolved
Package was delayed but support helped,6,ORD-44900,CUST-10376,2025-08-18,FedEx,PROD-11561,Pending
Package was delayed but support helped,8,ORD-42059,CUST-10538,2025-02-23,DHL,PROD-11974,Pending
Package was delayed but support helped,9,ORD-44754,CUST-10637,2025-03-05,FedEx,PROD-11947,Escalated
Package was delayed but support helped,1,ORD-44627,CUST-10925,2025-07-10,Delhivery,PROD-11791,Escalated
Package was delayed but support helped,4,ORD-44956,CUST-10921,2025-05-09,DHL,PROD-11680,Escalated
Damaged box but product fine,8,ORD-41715,CUST-10256,2025-06-17,Delhivery,PROD-11422,Pending
Package was delayed but support helped,5,ORD-43755,CUST-10534,2025-07-22,FedEx,PROD-11963,Resolved
Excellent service,9,ORD-40779,CUST-10134,2025-06-04,FedEx,PROD-11945,Resolved
"On-time delivery, very satisfied",5,ORD-41060,CUST-10748,2025-02-02,FedEx,PROD-11533,Resolved
Damaged box but product fine,10,ORD-44267,CUST-10251,2025-03-14,FedEx,PROD-11472,Pending
Quick and smooth delivery,1,ORD-41133,CUST-10226,2025-04-18,UPS,PROD-11355,Resolved
Quick and smooth delivery,4,ORD-44173,CUST-10294,2025-07-22,BlueDart,PROD-11361,Escalated
Quick and smooth delivery,7,ORD-43179,CUST-10820,2025-03-10,Delhivery,PROD-11547,Resolved
Package was delayed but support helped,7,ORD-44100,CUST-10590,2025-02-06,FedEx,PROD-11135,Resolved
Damaged box but product fine,6,ORD-41154,CUST-10300,2025-02-06,UPS,PROD-11857,Resolved
Damaged box but product fine,3,ORD-40923,CUST-10036,2025-07-26,Delhivery,PROD-11345,Resolved
Package was delayed but support helped,10,ORD-40853,CUST-10491,2025-06-18,UPS,PROD-11787,Resolved
"On-time delivery, very satisfied",9,ORD-43828,CUST-10198,2025-06-07,BlueDart,PROD-11536,Pending
Package was delayed but support helped,4,ORD-40957,CUST-10430,2025-01-17,FedEx,PROD-11723,Resolved
Excellent service,3,ORD-44122,CUST-10818,2025-05-20,BlueDart,PROD-11779,Escalated
"On-time delivery, very satisfied",7,ORD-42338,CUST-10148,2025-07-01,UPS,PROD-11176,Pending
Quick and smooth delivery,10,ORD-44047,CUST-10660,2025-03-28,DHL,PROD-11382,Escalated
Damaged box but product fine,7,ORD-40166,CUST-10034,2025-03-06,UPS,PROD-11215,Pending
Damaged box but product fine,7,ORD-40186,CUST-10446,2025-05-19,FedEx,PROD-11127,Resolved
"On-time delivery, very satisfied",4,ORD-42446,CUST-10243,2025-02-18,UPS,PROD-11877,Pending
Package was delayed but support helped,8,ORD-43299,CUST-10556,2025-02-02,Delhivery,PROD-11854,Pending
Excellent service,8,ORD-42333,CUST-10939,2025-01-28,DHL,PROD-11931,Pending
Quick and smooth delivery,4,ORD-41022,CUST-10485,2025-04-03,Delhivery,PROD-11371,Resolved
Damaged box but product fine,5,ORD-41430,CUST-10401,2025-07-29,BlueDart,PROD-11999,Pending
Quick and smooth delivery,2,ORD-41395,CUST-10836,2025-05-10,UPS,PROD-11569,Escalated
Quick and smooth delivery,6,ORD-41221,CUST-10499,2025-02-11,Delhivery,PROD-11198,Escalated
Damaged box but product fine,2,ORD-42766,CUST-10652,2025-01-12,BlueDart,PROD-11447,Pending
Damaged box but product fine,8,ORD-41253,CUST-10582,2025-04-24,DHL,PROD-11340,Resolved
Excellent service,3,ORD-41198,CUST-10588,2025-05-04,DHL,PROD-11450,Pending
Quick and smooth delivery,8,ORD-41160,CUST-10278,2025-02-08,DHL,PROD-11565,Escalated
Excellent service,7,ORD-41030,CUST-10389,2025-07-22,FedEx,PROD-11277,Resolved
Excellent service,8,ORD-43888,CUST-10803,2025-06-16,BlueDart,PROD-11912,Escalated
Quick and smooth delivery,6,ORD-43620,CUST-10359,2025-01-28,UPS,PROD-11896,Escalated
Package was delayed but support helped,9,ORD-40443,CUST-10851,2025-03-02,BlueDart,PROD-11035,Escalated
Quick and smooth delivery,10,ORD-42133,CUST-10796,2025-01-24,UPS,PROD-11878,Pending
Quick and smooth delivery,2,ORD-43757,CUST-10429,2025-06-29,UPS,PROD-11472,Resolved
Excellent service,10,ORD-43649,CUST-10891,2025-08-07,Delhivery,PROD-11157,Escalated
Package was delayed but support helped,4,ORD-41436,CUST-10360,2025-02-10,FedEx,PROD-11921,Resolved
Package was delayed but support helped,3,ORD-43900,CUST-10407,2025-02-28,Delhivery,PROD-11958,Escalated
Excellent service,2,ORD-41715,CUST-10438,2025-05-23,Delhivery,PROD-11268,Pending
Damaged box but product fine,10,ORD-42285,CUST-10083,2025-05-09,BlueDart,PROD-11585,Resolved
Damaged box but product fine,7,ORD-41111,CUST-10691,2025-01-03,DHL,PROD-11557,Resolved
Quick and smooth delivery,4,ORD-44786,CUST-10823,2025-08-01,BlueDart,PROD-11156,Escalated
Quick and smooth delivery,3,ORD-40103,CUST-10895,2025-03-22,FedEx,PROD-11130,Pending
Damaged box but product fine,5,ORD-44266,CUST-10271,2025-08-05,BlueDart,PROD-11339,Pending
Quick and smooth delivery,6,ORD-41739,CUST-10896,2025-01-10,Delhivery,PROD-11918,Resolved
Quick and smooth delivery,9,ORD-43052,CUST-10027,2025-06-27,UPS,PROD-11625,Resolved
Damaged box but product fine,1,ORD-40601,CUST-10774,2025-01-20,FedEx,PROD-11434,Pending
Damaged box but product fine,6,ORD-43573,CUST-10825,2025-05-26,UPS,PROD-11719,Escalated
Quick and smooth delivery,5,ORD-41346,CUST-10410,2025-03-05,BlueDart,PROD-11638,Pending
Quick and smooth delivery,5,ORD-44969,CUST-10806,2025-02-23,BlueDart,PROD-11649,Escalated
"On-time delivery, very satisfied",3,ORD-40491,CUST-10478,2025-08-11,DHL,PROD-11396,Pending
Excellent service,10,ORD-44103,CUST-10415,2025-03-10,UPS,PROD-11291,Escalated
Excellent service,1,ORD-41945,CUST-10856,2025-07-04,FedEx,PROD-11744,Escalated
Package was delayed but support helped,9,ORD-41111,CUST-10787,2025-06-01,UPS,PROD-11529,Escalated
Quick and smooth delivery,5,ORD-44014,CUST-10468,2025-03-27,UPS,PROD-11434,Escalated
"On-time delivery, very satisfied",5,ORD-43144,CUST-10867,2025-01-24,FedEx,PROD-11092,Resolved
Excellent service,7,ORD-42190,CUST-10681,2025-02-13,BlueDart,PROD-11690,Escalated
Package was delayed but support helped,4,ORD-42583,CUST-10820,2025-07-06,Delhivery,PROD-11222,Resolved
"On-time delivery, very satisfied",7,ORD-41620,CUST-10104,2025-06-29,UPS,PROD-11097,Pending
Excellent service,10,ORD-41606,CUST-10760,2025-03-09,BlueDart,PROD-11430,Resolved
Damaged box but product fine,4,ORD-41830,CUST-10108,2025-04-17,DHL,PROD-11498,Resolved
Excellent service,5,ORD-42077,CUST-10455,2025-08-19,Delhivery,PROD-11307,Escalated
Package was delayed but support helped,4,ORD-43226,CUST-10203,2025-04-21,Delhivery,PROD-11755,Escalated
Quick and smooth delivery,6,ORD-41215,CUST-10512,2025-05-08,UPS,PROD-11424,Resolved
Quick and smooth delivery,7,ORD-41521,CUST-10650,2025-07-15,Delhivery,PROD-11252,Pending
Quick and smooth delivery,8,ORD-40325,CUST-10386,2025-08-15,BlueDart,PROD-11131,Pending
Quick and smooth delivery,7,ORD-40959,CUST-10034,2025-04-12,UPS,PROD-11003,Escalated
Damaged box but product fine,5,ORD-43024,CUST-10361,2025-01-02,Delhivery,PROD-11792,Resolved
Quick and smooth delivery,4,ORD-40653,CUST-10420,2025-02-09,UPS,PROD-11827,Pending
Excellent service,4,ORD-41556,CUST-10626,2025-03-21,FedEx,PROD-12000,Pending
"On-time delivery, very satisfied",3,ORD-44414,CUST-10102,2025-01-07,BlueDart,PROD-11533,Pending
Damaged box but product fine,3,ORD-42715,CUST-10482,2025-01-01,FedEx,PROD-11236,Pending
Excellent service,2,ORD-42333,CUST-10740,2025-03-18,UPS,PROD-11453,Escalated
Excellent service,4,ORD-44263,CUST-10896,2025-06-06,BlueDart,PROD-11752,Resolved
Excellent service,9,ORD-40219,CUST-10621,2025-04-06,UPS,PROD-11881,Pending
Package was delayed but support helped,10,ORD-40648,CUST-10122,2025-05-10,BlueDart,PROD-11777,Escalated
Quick and smooth delivery,4,ORD-44677,CUST-10045,2025-05-25,DHL,PROD-11828,Pending
Package was delayed but support helped,10,ORD-41993,CUST-10645,2025-06-29,UPS,PROD-11676,Pending
Package was delayed but support helped,6,ORD-43545,CUST-10754,2025-01-13,Delhivery,PROD-11347,Resolved
Damaged box but product fine,4,ORD-40353,CUST-10895,2025-03-16,Delhivery,PROD-11101,Pending
"On-time delivery, very satisfied",10,ORD-43783,CUST-10673,2025-05-22,BlueDart,PROD-11833,Resolved
Package was delayed but support helped,8,ORD-43850,CUST-10102,2025-04-23,FedEx,PROD-11014,Resolved
Excellent service,2,ORD-42794,CUST-10257,2025-01-30,Delhivery,PROD-11342,Resolved
Package was delayed but support helped,8,ORD-44789,CUST-10141,2025-02-01,UPS,PROD-11417,Resolved
Package was delayed but support helped,10,ORD-42666,CUST-10639,2025-08-17,Delhivery,PROD-11528,Resolved
Quick and smooth delivery,3,ORD-40167,CUST-10996,2025-01-23,FedEx,PROD-11097,Resolved
Package was delayed but support helped,5,ORD-44093,CUST-10480,2025-06-08,Delhivery,PROD-11288,Pending
Excellent service,10,ORD-44226,CUST-10413,2025-06-20,BlueDart,PROD-11631,Pending
Package was delayed but support helped,6,ORD-42057,CUST-10716,2025-06-19,BlueDart,PROD-11541,Resolved
Excellent service,7,ORD-44570,CUST-10780,2025-05-10,BlueDart,PROD-11700,Escalated
Excellent service,8,ORD-40375,CUST-10716,2025-03-18,BlueDart,PROD-11447,Resolved
"On-time delivery, very satisfied",9,ORD-40913,CUST-10177,2025-03-13,DHL,PROD-11501,Escalated
"On-time delivery, very satisfied",1,ORD-43578,CUST-10107,2025-05-05,FedEx,PROD-11668,Resolved
"On-time delivery, very satisfied",7,ORD-44476,CUST-10109,2025-02-27,DHL,PROD-11840,Resolved
Damaged box but product fine,10,ORD-40653,CUST-10156,2025-03-16,DHL,PROD-11641,Resolved
Excellent service,6,ORD-44187,CUST-10706,2025-04-24,FedEx,PROD-11156,Escalated
Quick and smooth delivery,6,ORD-42664,CUST-10151,2025-04-14,DHL,PROD-11806,Escalated
Excellent service,8,ORD-42887,CUST-10291,2025-04-21,BlueDart,PROD-11172,Pending
Damaged box but product fine,8,ORD-40867,CUST-10774,2025-06-28,UPS,PROD-11469,Pending
Package was delayed but support helped,7,ORD-40666,CUST-10936,2025-06-26,DHL,PROD-11773,Resolved
Damaged box but product fine,1,ORD-44851,CUST-10088,2025-08-24,DHL,PROD-11282,Pending
Package was delayed but support helped,9,ORD-43606,CUST-10234,2025-07-02,FedEx,PROD-11300,Pending
"On-time delivery, very satisfied",10,ORD-40110,CUST-10764,2025-06-27,FedEx,PROD-11792,Resolved
"On-time delivery, very satisfied",5,ORD-44785,CUST-10310,2025-01-25,Delhivery,PROD-11594,Resolved
Quick and smooth delivery,7,ORD-44713,CUST-10211,2025-01-29,Delhivery,PROD-11110,Resolved
Quick and smooth delivery,1,ORD-43521,CUST-10349,2025-03-06,UPS,PROD-11991,Pending
Excellent service,10,ORD-43883,CUST-10209,2025-02-10,DHL,PROD-11351,Escalated
Package was delayed but support helped,3,ORD-41974,CUST-10675,2025-08-05,FedEx,PROD-11736,Pending
Quick and smooth delivery,10,ORD-41561,CUST-10812,2025-01-19,FedEx,PROD-11623,Resolved
Excellent service,4,ORD-44152,CUST-10698,2025-01-05,FedEx,PROD-11589,Escalated
Damaged box but product fine,4,ORD-40032,CUST-10909,2025-07-25,UPS,PROD-11883,Escalated
Damaged box but product fine,7,ORD-43158,CUST-10809,2025-06-09,BlueDart,PROD-11422,Escalated
Excellent service,5,ORD-42648,CUST-10870,2025-05-15,UPS,PROD-11282,Resolved
Package was delayed but support helped,1,ORD-41801,CUST-10530,2025-05-01,FedEx,PROD-11539,Escalated
Excellent service,9,ORD-42531,CUST-10768,2025-06-29,UPS,PROD-11892,Escalated
Excellent service,4,ORD-43802,CUST-10662,2025-03-26,DHL,PROD-11529,Escalated
Quick and smooth delivery,5,ORD-44096,CUST-10932,2025-01-01,FedEx,PROD-11234,Resolved
Damaged box but product fine,2,ORD-42265,CUST-10872,2025-07-06,BlueDart,PROD-11787,Resolved
Excellent service,8,ORD-40055,CUST-10761,2025-02-09,UPS,PROD-11842,Escalated
Damaged box but product fine,10,ORD-42361,CUST-10031,2025-06-03,DHL,PROD-11305,Pending
Package was delayed but support helped,4,ORD-44401,CUST-10503,2025-01-31,UPS,PROD-11751,Pending
Excellent service,3,ORD-41905,CUST-10890,2025-08-15,DHL,PROD-11887,Pending
"On-time delivery, very satisfied",9,ORD-43023,CUST-10434,2025-05-30,DHL,PROD-11389,Resolved
"On-time delivery, very satisfied",8,ORD-42592,CUST-10392,2025-05-15,FedEx,PROD-11170,Pending
"On-time delivery, very satisfied",8,ORD-41518,CUST-10097,2025-03-26,DHL,PROD-11892,Pending
"On-time delivery, very satisfied",10,ORD-40828,CUST-10402,2025-07-19,DHL,PROD-11737,Pending
Package was delayed but support helped,1,ORD-43124,CUST-10411,2025-06-07,BlueDart,PROD-11189,Escalated
Damaged box but product fine,8,ORD-42184,CUST-10344,2025-05-30,FedEx,PROD-11004,Pending
Excellent service,10,ORD-41530,CUST-10408,2025-04-08,BlueDart,PROD-11879,Pending
Excellent service,8,ORD-41067,CUST-10810,2025-08-15,Delhivery,PROD-11530,Escalated
"On-time delivery, very satisfied",2,ORD-42656,CUST-10694,2025-02-02,FedEx,PROD-11516,Pending
Package was delayed but support helped,9,ORD-41001,CUST-10981,2025-06-29,DHL,PROD-11633,Resolved
Excellent service,9,ORD-42991,CUST-10993,2025-01-17,UPS,PROD-11032,Escalated
Damaged box but product fine,5,ORD-42865,CUST-10552,2025-04-06,UPS,PROD-11973,Resolved
Damaged box but product fine,6,ORD-44804,CUST-10063,2025-05-28,FedEx,PROD-11218,Resolved
Quick and smooth delivery,5,ORD-40793,CUST-10510,2025-01-27,DHL,PROD-11773,Escalated
Damaged box but product fine,1,ORD-42733,CUST-10800,2025-04-13,FedEx,PROD-11182,Resolved
Damaged box but product fine,4,ORD-40704,CUST-10006,2025-05-23,BlueDart,PROD-11798,Escalated
Quick and smooth delivery,3,ORD-40275,CUST-10809,2025-02-19,UPS,PROD-11359,Pending
Package was delayed but support helped,1,ORD-44911,CUST-10801,2025-01-15,BlueDart,PROD-11184,Pending
"On-time delivery, very satisfied",8,ORD-44555,CUST-10270,2025-05-31,FedEx,PROD-11519,Pending
"On-time delivery, very satisfied",7,ORD-42556,CUST-10913,2025-03-10,FedEx,PROD-11635,Escalated
Package was delayed but support helped,10,ORD-43922,CUST-10253,2025-01-05,FedEx,PROD-11905,Resolved
"On-time delivery, very satisfied",10,ORD-43026,CUST-10707,2025-03-28,UPS,PROD-11615,Escalated
Damaged box but product fine,9,ORD-44321,CUST-10823,2025-06-15,BlueDart,PROD-11232,Resolved
Quick and smooth delivery,6,ORD-40649,CUST-10728,2025-02-18,UPS,PROD-11037,Escalated
Damaged box but product fine,7,ORD-41015,CUST-10542,2025-04-14,UPS,PROD-11533,Resolved
Quick and smooth delivery,1,ORD-44666,CUST-10206,2025-07-23,DHL,PROD-11220,Pending
"On-time delivery, very satisfied",2,ORD-43362,CUST-10388,2025-01-02,DHL,PROD-11987,Pending
"On-time delivery, very satisfied",5,ORD-41380,CUST-10779,2025-02-02,UPS,PROD-11294,Pending
Excellent service,3,ORD-43568,CUST-10785,2025-07-25,DHL,PROD-11249,Resolved
Damaged box but product fine,6,ORD-41807,CUST-10975,2025-02-06,UPS,PROD-11798,Resolved
Excellent service,3,ORD-44548,CUST-10185,2025-07-29,UPS,PROD-11698,Escalated
Quick and smooth delivery,4,ORD-42586,CUST-10750,2025-05-18,DHL,PROD-11636,Pending
Excellent service,1,ORD-43837,CUST-10550,2025-07-03,BlueDart,PROD-11856,Resolved
Damaged box but product fine,1,ORD-41302,CUST-10129,2025-05-20,DHL,PROD-11567,Escalated
Damaged box but product fine,5,ORD-41623,CUST-10300,2025-02-25,UPS,PROD-11088,Pending
"On-time delivery, very satisfied",2,ORD-41241,CUST-10014,2025-06-20,DHL,PROD-11625,Pending
Package was delayed but support helped,10,ORD-44120,CUST-10945,2025-02-10,FedEx,PROD-11856,Pending
Quick and smooth delivery,6,ORD-43367,CUST-10503,2025-05-12,FedEx,PROD-11724,Pending
"On-time delivery, very satisfied",3,ORD-44904,CUST-10014,2025-07-28,Delhivery,PROD-11599,Escalated
"On-time delivery, very satisfied",4,ORD-41741,CUST-10585,2025-05-17,BlueDart,PROD-11422,Escalated
Excellent service,4,ORD-42044,CUST-10827,2025-03-05,BlueDart,PROD-11829,Resolved
Package was delayed but support helped,10,ORD-41870,CUST-10902,2025-07-29,BlueDart,PROD-11195,Escalated
Quick and smooth delivery,8,ORD-41894,CUST-10043,2025-04-11,FedEx,PROD-11129,Resolved
Damaged box but product fine,4,ORD-41135,CUST-10494,2025-02-12,Delhivery,PROD-11221,Resolved
Package was delayed but support helped,2,ORD-42902,CUST-10103,2025-04-03,UPS,PROD-11725,Resolved
Package was delayed but support helped,7,ORD-40507,CUST-10513,2025-03-29,DHL,PROD-11970,Pending
Package was delayed but support helped,8,ORD-42985,CUST-10525,2025-02-18,BlueDart,PROD-11668,Resolved
"On-time delivery, very satisfied",9,ORD-41851,CUST-10929,2025-02-23,Delhivery,PROD-11110,Escalated
Quick and smooth delivery,5,ORD-42539,CUST-10610,2025-04-29,DHL,PROD-11783,Pending
Excellent service,9,ORD-42379,CUST-10219,2025-04-03,Delhivery,PROD-11923,Pending
Quick and smooth delivery,6,ORD-40266,CUST-10095,2025-01-29,BlueDart,PROD-11117,Resolved
Damaged box but product fine,2,ORD-43626,CUST-10926,2025-01-12,Delhivery,PROD-11361,Pending
Excellent service,8,ORD-43399,CUST-10078,2025-03-22,DHL,PROD-11754,Escalated
"On-time delivery, very satisfied",2,ORD-42811,CUST-10498,2025-02-12,FedEx,PROD-11344,Escalated
Excellent service,1,ORD-40134,CUST-10256,2025-05-14,BlueDart,PROD-11687,Pending
Damaged box but product fine,1,ORD-41860,CUST-10797,2025-01-17,Delhivery,PROD-11391,Pending
Package was delayed but support helped,2,ORD-40018,CUST-10429,2025-07-03,UPS,PROD-11699,Pending
"On-time delivery, very satisfied",4,ORD-44793,CUST-10477,2025-08-24,DHL,PROD-11302,Resolved
Quick and smooth delivery,3,ORD-41045,CUST-10826,2025-05-17,DHL,PROD-11135,Pending
Quick and smooth delivery,5,ORD-43819,CUST-10504,2025-05-18,UPS,PROD-11335,Escalated
Damaged box but product fine,3,ORD-41567,CUST-10553,2025-01-16,Delhivery,PROD-11944,Resolved
"On-time delivery, very satisfied",6,ORD-42979,CUST-10588,2025-07-13,UPS,PROD-11096,Resolved
Damaged box but product fine,4,ORD-41127,CUST-10087,2025-05-09,DHL,PROD-11571,Resolved
Package was delayed but support helped,8,ORD-42241,CUST-10011,2025-05-11,DHL,PROD-11263,Pending
Excellent service,6,ORD-40665,CUST-10354,2025-07-13,UPS,PROD-11678,Pending
Damaged box but product fine,10,ORD-41107,CUST-10522,2025-01-13,UPS,PROD-11575,Resolved
Damaged box but product fine,1,ORD-42319,CUST-10890,2025-05-28,FedEx,PROD-11129,Resolved
"On-time delivery, very satisfied",1,ORD-43326,CUST-10014,2025-04-14,DHL,PROD-11719,Pending
Package was delayed but support helped,8,ORD-44680,CUST-10816,2025-02-18,DHL,PROD-11855,Pending
Quick and smooth delivery,1,ORD-42666,CUST-10445,2025-06-16,DHL,PROD-11965,Escalated
Quick and smooth delivery,3,ORD-41158,CUST-10658,2025-02-27,Delhivery,PROD-11356,Resolved
Damaged box but product fine,9,ORD-41376,CUST-10443,2025-01-16,UPS,PROD-11949,Escalated
Package was delayed but support helped,1,ORD-42750,CUST-10092,2025-06-26,DHL,PROD-11301,Resolved
Quick and smooth delivery,9,ORD-44200,CUST-10454,2025-03-23,DHL,PROD-11414,Resolved
"On-time delivery, very satisfied",5,ORD-41971,CUST-10997,2025-06-11,FedEx,PROD-11492,Escalated
Damaged box but product fine,6,ORD-43108,CUST-10571,2025-06-04,Delhivery,PROD-11462,Escalated
Damaged box but product fine,3,ORD-44451,CUST-10620,2025-03-30,Delhivery,PROD-11107,Resolved
"On-time delivery, very satisfied",1,ORD-44475,CUST-10669,2025-04-04,BlueDart,PROD-11583,Resolved
Excellent service,1,ORD-40057,CUST-10147,2025-02-02,BlueDart,PROD-11347,Escalated
Excellent service,8,ORD-42204,CUST-10890,2025-04-09,Delhivery,PROD-11739,Pending
Excellent service,7,ORD-41029,CUST-10047,2025-02-19,Delhivery,PROD-11907,Escalated
Package was delayed but support helped,5,ORD-42929,CUST-10748,2025-01-02,FedEx,PROD-11532,Escalated
"On-time delivery, very satisfied",7,ORD-44324,CUST-10506,2025-06-03,FedEx,PROD-11749,Pending
Damaged box but product fine,10,ORD-42372,CUST-10235,2025-07-10,BlueDart,PROD-11184,Pending
Excellent service,8,ORD-42731,CUST-10120,2025-05-05,FedEx,PROD-11387,Pending
"On-time delivery, very satisfied",9,ORD-43707,CUST-10848,2025-06-03,BlueDart,PROD-11193,Escalated
Damaged box but product fine,2,ORD-40959,CUST-10282,2025-08-28,UPS,PROD-11052,Pending
Damaged box but product fine,7,ORD-40760,CUST-10530,2025-08-12,BlueDart,PROD-11041,Resolved
Excellent service,5,ORD-44355,CUST-10082,2025-01-16,Delhivery,PROD-11541,Pending
"On-time delivery, very satisfied",2,ORD-44825,CUST-10080,2025-08-02,DHL,PROD-11307,Escalated
Damaged box but product fine,1,ORD-40581,CUST-10852,2025-06-11,Delhivery,PROD-11476,Escalated
Package was delayed but support helped,5,ORD-41419,CUST-10657,2025-03-19,BlueDart,PROD-11330,Resolved
Excellent service,9,ORD-40032,CUST-10879,2025-02-26,Delhivery,PROD-11144,Pending
"On-time delivery, very satisfied",10,ORD-41908,CUST-10972,2025-03-26,BlueDart,PROD-11493,Escalated
Quick and smooth delivery,7,ORD-42496,CUST-10211,2025-06-16,BlueDart,PROD-11194,Escalated
Damaged box but product fine,8,ORD-41816,CUST-10935,2025-07-07,BlueDart,PROD-11795,Resolved
Damaged box but product fine,5,ORD-43939,CUST-10051,2025-06-23,UPS,PROD-11865,Pending
Quick and smooth delivery,8,ORD-41616,CUST-10060,2025-04-22,UPS,PROD-11362,Pending
Excellent service,10,ORD-40797,CUST-10626,2025-02-25,BlueDart,PROD-11585,Escalated
"On-time delivery, very satisfied",9,ORD-42855,CUST-10543,2025-06-07,DHL,PROD-11950,Escalated
Excellent service,2,ORD-42114,CUST-10970,2025-05-06,DHL,PROD-11675,Escalated
Package was delayed but support helped,4,ORD-44125,CUST-10351,2025-06-18,UPS,PROD-11005,Pending
Quick and smooth delivery,5,ORD-44180,CUST-10961,2025-05-19,FedEx,PROD-11518,Escalated
Damaged box but product fine,3,ORD-42545,CUST-10304,2025-07-21,UPS,PROD-11951,Escalated
Excellent service,10,ORD-44344,CUST-10098,2025-02-14,DHL,PROD-11008,Escalated
Excellent service,5,ORD-40184,CUST-10801,2025-08-28,FedEx,PROD-11886,Escalated
"On-time delivery, very satisfied",7,ORD-40415,CUST-10797,2025-01-30,DHL,PROD-11266,Escalated
Quick and smooth delivery,5,ORD-41146,CUST-10193,2025-06-23,BlueDart,PROD-11086,Pending
Package was delayed but support helped,3,ORD-43002,CUST-10644,2025-08-23,Delhivery,PROD-11875,Pending
Quick and smooth delivery,1,ORD-41658,CUST-10859,2025-07-03,UPS,PROD-11611,Escalated
Excellent service,8,ORD-44605,CUST-10798,2025-08-31,BlueDart,PROD-11694,Resolved
Quick and smooth delivery,3,ORD-42157,CUST-10597,2025-04-14,BlueDart,PROD-11923,Resolved
Excellent service,5,ORD-42943,CUST-10020,2025-04-11,DHL,PROD-11071,Escalated
Excellent service,8,ORD-42317,CUST-10141,2025-01-02,FedEx,PROD-11824,Escalated
"On-time delivery, very satisfied",5,ORD-41577,CUST-10400,2025-01-12,BlueDart,PROD-11214,Resolved
Excellent service,2,ORD-44038,CUST-10804,2025-07-01,DHL,PROD-11269,Pending
Damaged box but product fine,6,ORD-44506,CUST-10558,2025-04-28,DHL,PROD-11086,Resolved
Quick and smooth delivery,4,ORD-44492,CUST-10700,2025-07-10,DHL,PROD-11134,Escalated
Package was delayed but support helped,4,ORD-42109,CUST-10135,2025-06-02,DHL,PROD-11967,Escalated
Package was delayed but support helped,6,ORD-41352,CUST-10516,2025-03-24,FedEx,PROD-11788,Pending
Quick and smooth delivery,5,ORD-43950,CUST-10594,2025-08-14,UPS,PROD-11582,Pending
Excellent service,1,ORD-41899,CUST-10499,2025-03-01,FedEx,PROD-11671,Pending
Excellent service,3,ORD-44851,CUST-10407,2025-05-23,FedEx,PROD-11463,Resolved
"On-time delivery, very satisfied",10,ORD-44544,CUST-10447,2025-07-30,UPS,PROD-11498,Resolved
Quick and smooth delivery,2,ORD-42771,CUST-10607,2025-04-29,DHL,PROD-11573,Pending
Excellent service,3,ORD-40501,CUST-10912,2025-05-26,DHL,PROD-11325,Pending
Quick and smooth delivery,3,ORD-44826,CUST-10709,2025-02-21,Delhivery,PROD-11562,Resolved
Quick and smooth delivery,5,ORD-42050,CUST-10812,2025-08-14,BlueDart,PROD-11529,Resolved
"On-time delivery, very satisfied",1,ORD-42885,CUST-10225,2025-02-12,UPS,PROD-11125,Pending
Quick and smooth delivery,6,ORD-44491,CUST-10181,2025-06-20,UPS,PROD-11234,Resolved
Package was delayed but support helped,9,ORD-43812,CUST-10199,2025-06-13,FedEx,PROD-11644,Resolved
Quick and smooth delivery,4,ORD-44111,CUST-10164,2025-06-22,BlueDart,PROD-11435,Escalated
Excellent service,7,ORD-42852,CUST-10165,2025-02-01,FedEx,PROD-11219,Escalated
"On-time delivery, very satisfied",6,ORD-43908,CUST-10604,2025-07-04,BlueDart,PROD-11881,Resolved
Damaged box but product fine,4,ORD-43127,CUST-10201,2025-03-22,FedEx,PROD-11852,Escalated
"On-time delivery, very satisfied",8,ORD-42770,CUST-10233,2025-04-21,DHL,PROD-11639,Escalated
Quick and smooth delivery,3,ORD-43900,CUST-10174,2025-02-21,UPS,PROD-11492,Pending
Quick and smooth delivery,2,ORD-42469,CUST-10930,2025-01-28,Delhivery,PROD-11311,Escalated
Excellent service,7,ORD-41655,CUST-10525,2025-01-10,Delhivery,PROD-11479,Resolved
Excellent service,5,ORD-40923,CUST-10664,2025-01-05,BlueDart,PROD-11522,Pending
"On-time delivery, very satisfied",3,ORD-40155,CUST-10370,2025-04-26,DHL,PROD-11526,Resolved
"On-time delivery, very satisfied",8,ORD-40903,CUST-10288,2025-03-03,Delhivery,PROD-11811,Resolved
Quick and smooth delivery,9,ORD-44866,CUST-10627,2025-06-26,UPS,PROD-11048,Resolved
Excellent service,9,ORD-44224,CUST-10537,2025-05-04,FedEx,PROD-11127,Resolved
Package was delayed but support helped,6,ORD-40147,CUST-10186,2025-07-20,Delhivery,PROD-11754,Pending
Excellent service,8,ORD-42935,CUST-10073,2025-01-30,FedEx,PROD-11919,Resolved
Quick and smooth delivery,7,ORD-42133,CUST-10206,2025-04-30,DHL,PROD-11985,Escalated
Excellent service,2,ORD-40978,CUST-10615,2025-02-23,DHL,PROD-11614,Pending
Package was delayed but support helped,6,ORD-41774,CUST-10035,2025-04-30,Delhivery,PROD-11394,Escalated
Package was delayed but support helped,3,ORD-40668,CUST-10513,2025-08-27,FedEx,PROD-11757,Pending
"On-time delivery, very satisfied",3,ORD-40118,CUST-10390,2025-03-26,Delhivery,PROD-11552,Escalated
Package was delayed but support helped,8,ORD-41109,CUST-10918,2025-06-08,UPS,PROD-11662,Resolved
Quick and smooth delivery,7,ORD-43615,CUST-10760,2025-02-22,UPS,PROD-11581,Escalated
"On-time delivery, very satisfied",4,ORD-43401,CUST-10795,2025-01-25,FedEx,PROD-11859,Pending
Quick and smooth delivery,7,ORD-44599,CUST-10412,2025-05-07,FedEx,PROD-11444,Resolved
Damaged box but product fine,3,ORD-42722,CUST-10588,2025-03-26,BlueDart,PROD-11373,Pending
"On-time delivery, very satisfied",8,ORD-42510,CUST-10288,2025-06-06,BlueDart,PROD-11122,Resolved
Damaged box but product fine,6,ORD-40481,CUST-10426,2025-03-29,BlueDart,PROD-11808,Escalated
Quick and smooth delivery,8,ORD-41226,CUST-10869,2025-06-07,BlueDart,PROD-11838,Pending
Quick and smooth delivery,1,ORD-40747,CUST-10379,2025-08-11,BlueDart,PROD-11156,Resolved
Excellent service,2,ORD-41144,CUST-10589,2025-05-22,DHL,PROD-11545,Resolved
Damaged box but product fine,6,ORD-41465,CUST-10290,2025-01-04,DHL,PROD-11891,Pending
Excellent service,3,ORD-42293,CUST-10615,2025-07-08,Delhivery,PROD-11385,Resolved
Excellent service,10,ORD-43536,CUST-10059,2025-01-12,UPS,PROD-11916,Resolved
Damaged box but product fine,3,ORD-42536,CUST-10672,2025-05-23,DHL,PROD-11679,Resolved
Package was delayed but support helped,7,ORD-41834,CUST-10488,2025-08-22,BlueDart,PROD-11399,Resolved
Excellent service,10,ORD-44832,CUST-10891,2025-03-03,BlueDart,PROD-11580,Escalated
Package was delayed but support helped,3,ORD-44491,CUST-10260,2025-07-11,Delhivery,PROD-11298,Pending
Quick and smooth delivery,1,ORD-43333,CUST-10596,2025-04-15,UPS,PROD-11707,Escalated
Package was delayed but support helped,1,ORD-44545,CUST-10337,2025-04-27,BlueDart,PROD-11429,Pending
Damaged box but product fine,7,ORD-43646,CUST-10589,2025-03-29,DHL,PROD-11462,Pending
Excellent service,8,ORD-40181,CUST-10763,2025-05-30,UPS,PROD-11559,Resolved
Excellent service,1,ORD-44530,CUST-10524,2025-04-14,Delhivery,PROD-11457,Resolved
Damaged box but product fine,9,ORD-40208,CUST-10386,2025-06-23,Delhivery,PROD-11636,Resolved
Quick and smooth delivery,7,ORD-44330,CUST-10307,2025-05-18,BlueDart,PROD-11044,Pending
Package was delayed but support helped,7,ORD-43807,CUST-10966,2025-04-24,UPS,PROD-11003,Escalated
Quick and smooth delivery,4,ORD-40752,CUST-10242,2025-01-26,DHL,PROD-11594,Pending
"On-time delivery, very satisfied",5,ORD-44258,CUST-10761,2025-01-28,FedEx,PROD-11186,Resolved
Damaged box but product fine,5,ORD-44751,CUST-10193,2025-04-24,DHL,PROD-11808,Resolved
Excellent service,3,ORD-40416,CUST-10841,2025-01-23,DHL,PROD-11543,Pending
Package was delayed but support helped,8,ORD-40245,CUST-10763,2025-03-19,UPS,PROD-11408,Escalated
Excellent service,4,ORD-40726,CUST-10964,2025-02-15,BlueDart,PROD-11746,Escalated
Quick and smooth delivery,4,ORD-40355,CUST-10568,2025-03-23,FedEx,PROD-11208,Escalated
Quick and smooth delivery,1,ORD-44417,CUST-10013,2025-06-22,UPS,PROD-11757,Escalated
"On-time delivery, very satisfied",10,ORD-43437,CUST-10436,2025-06-25,DHL,PROD-11116,Escalated
"On-time delivery, very satisfied",2,ORD-42364,CUST-10652,2025-04-18,DHL,PROD-11145,Escalated
Damaged box but product fine,9,ORD-41060,CUST-10073,2025-06-29,FedEx,PROD-11454,Pending
Quick and smooth delivery,9,ORD-43709,CUST-10014,2025-06-02,DHL,PROD-11551,Resolved
"On-time delivery, very satisfied",6,ORD-42035,CUST-10677,2025-02-23,FedEx,PROD-11332,Resolved
Damaged box but product fine,4,ORD-43037,CUST-10857,2025-06-12,FedEx,PROD-11667,Pending
Quick and smooth delivery,5,ORD-43941,CUST-10733,2025-01-24,FedEx,PROD-11595,Resolved
Damaged box but product fine,6,ORD-42299,CUST-10435,2025-05-26,Delhivery,PROD-11699,Resolved
Quick and smooth delivery,1,ORD-42852,CUST-10215,2025-07-15,BlueDart,PROD-11526,Pending
Damaged box but product fine,8,ORD-41426,CUST-10455,2025-06-17,Delhivery,PROD-11763,Escalated
"On-time delivery, very satisfied",3,ORD-44250,CUST-10935,2025-06-08,DHL,PROD-11442,Resolved
Excellent service,9,ORD-41855,CUST-10100,2025-07-30,DHL,PROD-11513,Escalated
Excellent service,7,ORD-42999,CUST-10331,2025-06-04,BlueDart,PROD-11022,Pending
Damaged box but product fine,2,ORD-40700,CUST-10189,2025-02-19,UPS,PROD-11962,Escalated
"On-time delivery, very satisfied",2,ORD-43316,CUST-10267,2025-08-15,Delhivery,PROD-11553,Resolved
Damaged box but product fine,4,ORD-42894,CUST-10711,2025-06-17,FedEx,PROD-11533,Escalated
Package was delayed but support helped,3,ORD-41687,CUST-10002,2025-07-26,UPS,PROD-11971,Escalated
Quick and smooth delivery,10,ORD-42789,CUST-10802,2025-02-22,DHL,PROD-11890,Pending
Quick and smooth delivery,10,ORD-40873,CUST-10363,2025-02-23,FedEx,PROD-11582,Pending
Excellent service,2,ORD-42692,CUST-10502,2025-05-19,BlueDart,PROD-11084,Pending
Quick and smooth delivery,3,ORD-42404,CUST-10422,2025-01-10,DHL,PROD-11310,Pending
Package was delayed but support helped,5,ORD-42557,CUST-10011,2025-04-27,UPS,PROD-11749,Resolved
"On-time delivery, very satisfied",7,ORD-42940,CUST-10639,2025-04-10,UPS,PROD-11909,Pending
Excellent service,8,ORD-41656,CUST-10748,2025-05-26,DHL,PROD-11908,Resolved
"On-time delivery, very satisfied",9,ORD-41948,CUST-10694,2025-03-13,Delhivery,PROD-11353,Resolved
Quick and smooth delivery,2,ORD-42831,CUST-10703,2025-02-13,FedEx,PROD-11968,Resolved
Damaged box but product fine,10,ORD-40856,CUST-10100,2025-07-19,DHL,PROD-11091,Escalated
Quick and smooth delivery,3,ORD-44543,CUST-10538,2025-02-14,UPS,PROD-11137,Pending
Excellent service,10,ORD-40882,CUST-10323,2025-04-01,DHL,PROD-11013,Pending
"On-time delivery, very satisfied",2,ORD-40315,CUST-10862,2025-06-01,DHL,PROD-11908,Pending
Package was delayed but support helped,5,ORD-42403,CUST-10056,2025-01-31,FedEx,PROD-11255,Resolved
Damaged box but product fine,9,ORD-41915,CUST-10153,2025-04-16,FedEx,PROD-11321,Resolved
Excellent service,10,ORD-40612,CUST-10613,2025-02-28,BlueDart,PROD-11946,Escalated
Excellent service,3,ORD-42367,CUST-10957,2025-01-23,BlueDart,PROD-11423,Escalated
Excellent service,6,ORD-42979,CUST-10404,2025-04-04,FedEx,PROD-11480,Pending
Excellent service,2,ORD-44264,CUST-10054,2025-01-18,Delhivery,PROD-11801,Pending
Excellent service,6,ORD-44121,CUST-10454,2025-07-23,Delhivery,PROD-11515,Resolved
Package was delayed but support helped,5,ORD-44195,CUST-10899,2025-08-28,Delhivery,PROD-11064,Resolved
"On-time delivery, very satisfied",2,ORD-41808,CUST-10972,2025-04-20,Delhivery,PROD-11863,Pending
"On-time delivery, very satisfied",7,ORD-41358,CUST-10478,2025-06-16,UPS,PROD-11578,Pending
Quick and smooth delivery,1,ORD-43518,CUST-10313,2025-07-17,Delhivery,PROD-11258,Resolved
Quick and smooth delivery,4,ORD-40748,CUST-10512,2025-06-27,Delhivery,PROD-11806,Resolved
Damaged box but product fine,5,ORD-41432,CUST-10402,2025-06-03,Delhivery,PROD-11084,Resolved
Quick and smooth delivery,9,ORD-41411,CUST-10242,2025-04-10,FedEx,PROD-11652,Escalated
Quick and smooth delivery,5,ORD-42334,CUST-10151,2025-08-13,Delhivery,PROD-11776,Pending
Excellent service,8,ORD-40943,CUST-10886,2025-07-18,DHL,PROD-11960,Escalated
Quick and smooth delivery,10,ORD-41002,CUST-10347,2025-08-21,FedEx,PROD-11891,Pending
Damaged box but product fine,7,ORD-43603,CUST-10806,2025-07-14,Delhivery,PROD-11657,Pending
Damaged box but product fine,8,ORD-42105,CUST-10867,2025-07-23,DHL,PROD-11960,Escalated
Excellent service,10,ORD-42569,CUST-10789,2025-01-29,FedEx,PROD-11032,Pending
Package was delayed but support helped,1,ORD-40593,CUST-10131,2025-04-01,Delhivery,PROD-11954,Escalated
Quick and smooth delivery,9,ORD-41982,CUST-10438,2025-01-16,Delhivery,PROD-11732,Pending
Package was delayed but support helped,8,ORD-44105,CUST-10479,2025-04-14,UPS,PROD-11866,Pending
Package was delayed but support helped,8,ORD-41995,CUST-10631,2025-03-20,Delhivery,PROD-11577,Pending
"On-time delivery, very satisfied",1,ORD-42729,CUST-10447,2025-07-14,Delhivery,PROD-11702,Pending
Quick and smooth delivery,2,ORD-41825,CUST-10176,2025-08-18,Delhivery,PROD-11187,Pending
"On-time delivery, very satisfied",3,ORD-40540,CUST-10264,2025-07-17,BlueDart,PROD-11318,Resolved
Package was delayed but support helped,8,ORD-42789,CUST-10091,2025-08-04,DHL,PROD-11012,Resolved
Damaged box but product fine,3,ORD-44898,CUST-10632,2025-07-16,DHL,PROD-11270,Resolved
Excellent service,7,ORD-40859,CUST-10035,2025-08-31,Delhivery,PROD-11875,Escalated
Quick and smooth delivery,4,ORD-42643,CUST-10894,2025-03-04,DHL,PROD-11049,Escalated
"On-time delivery, very satisfied",9,ORD-40350,CUST-10241,2025-06-06,Delhivery,PROD-11166,Pending
"On-time delivery, very satisfied",7,ORD-44095,CUST-10255,2025-04-18,UPS,PROD-11990,Pending
Damaged box but product fine,3,ORD-44798,CUST-10038,2025-04-13,Delhivery,PROD-11079,Escalated
"On-time delivery, very satisfied",4,ORD-43180,CUST-10666,2025-07-11,UPS,PROD-11114,Escalated
"On-time delivery, very satisfied",1,ORD-43823,CUST-10478,2025-08-06,Delhivery,PROD-11387,Escalated
Quick and smooth delivery,8,ORD-43711,CUST-10914,2025-02-03,UPS,PROD-11992,Pending
Package was delayed but support helped,5,ORD-42838,CUST-10437,2025-01-13,FedEx,PROD-11848,Resolved
Damaged box but product fine,1,ORD-42170,CUST-10357,2025-07-13,FedEx,PROD-11080,Pending
Quick and smooth delivery,1,ORD-43675,CUST-10959,2025-01-26,DHL,PROD-11616,Escalated
Damaged box but product fine,5,ORD-40716,CUST-10579,2025-08-23,BlueDart,PROD-11006,Resolved
Excellent service,10,ORD-43071,CUST-10982,2025-02-22,BlueDart,PROD-11611,Pending
Excellent service,9,ORD-41516,CUST-10834,2025-05-02,DHL,PROD-11773,Pending
Excellent service,10,ORD-43549,CUST-10567,2025-07-09,UPS,PROD-11503,Pending
Quick and smooth delivery,1,ORD-41786,CUST-10359,2025-07-06,BlueDart,PROD-11306,Resolved
Damaged box but product fine,2,ORD-44445,CUST-10242,2025-08-21,DHL,PROD-11778,Escalated
Quick and smooth delivery,4,ORD-40915,CUST-10788,2025-01-30,Delhivery,PROD-11592,Pending
Excellent service,4,ORD-43114,CUST-10903,2025-05-02,UPS,PROD-11726,Escalated
Quick and smooth delivery,2,ORD-42843,CUST-10557,2025-05-04,Delhivery,PROD-11307,Resolved
Quick and smooth delivery,2,ORD-40382,CUST-10346,2025-03-22,Delhivery,PROD-11019,Pending
Damaged box but product fine,5,ORD-41455,CUST-10735,2025-04-02,BlueDart,PROD-11424,Pending
"On-time delivery, very satisfied",1,ORD-43071,CUST-10601,2025-05-17,DHL,PROD-11777,Pending
"On-time delivery, very satisfied",1,ORD-43425,CUST-10266,2025-05-13,UPS,PROD-11875,Escalated
"On-time delivery, very satisfied",10,ORD-44243,CUST-10432,2025-04-21,DHL,PROD-11821,Pending
"On-time delivery, very satisfied",2,ORD-42984,CUST-10464,2025-03-15,BlueDart,PROD-11540,Pending
Excellent service,5,ORD-40558,CUST-10573,2025-07-07,FedEx,PROD-11159,Pending
Damaged box but product fine,6,ORD-41859,CUST-10989,2025-03-18,BlueDart,PROD-11165,Resolved
Excellent service,3,ORD-43988,CUST-10202,2025-06-09,FedEx,PROD-11360,Pending
Damaged box but product fine,8,ORD-41049,CUST-10225,2025-06-20,Delhivery,PROD-11219,Pending
Quick and smooth delivery,8,ORD-42577,CUST-10178,2025-05-22,FedEx,PROD-11712,Escalated
Damaged box but product fine,6,ORD-43648,CUST-10647,2025-06-28,FedEx,PROD-11018,Pending
Excellent service,1,ORD-41709,CUST-10925,2025-04-18,UPS,PROD-11579,Pending
"On-time delivery, very satisfied",4,ORD-44572,CUST-10126,2025-04-26,FedEx,PROD-11441,Resolved
Excellent service,7,ORD-44095,CUST-10302,2025-05-06,Delhivery,PROD-11621,Resolved
Damaged box but product fine,3,ORD-42148,CUST-10907,2025-04-24,BlueDart,PROD-11787,Pending
Excellent service,8,ORD-40937,CUST-10612,2025-04-02,FedEx,PROD-11452,Escalated
Package was delayed but support helped,1,ORD-41240,CUST-10562,2025-06-26,Delhivery,PROD-11143,Pending
Damaged box but product fine,8,ORD-41352,CUST-10951,2025-07-06,UPS,PROD-11982,Resolved
"On-time delivery, very satisfied",7,ORD-44893,CUST-10285,2025-03-24,BlueDart,PROD-11733,Escalated
Quick and smooth delivery,7,ORD-41192,CUST-10692,2025-04-07,DHL,PROD-11168,Pending
Quick and smooth delivery,4,ORD-40884,CUST-10168,2025-05-02,Delhivery,PROD-11178,Escalated
Quick and smooth delivery,9,ORD-43776,CUST-10611,2025-02-01,DHL,PROD-11212,Escalated
Quick and smooth delivery,2,ORD-40851,CUST-10404,2025-02-14,UPS,PROD-11592,Escalated
Excellent service,10,ORD-41078,CUST-10497,2025-03-04,BlueDart,PROD-11046,Escalated
Excellent service,1,ORD-42103,CUST-10990,2025-06-18,BlueDart,PROD-11596,Resolved
"On-time delivery, very satisfied",2,ORD-42707,CUST-10735,2025-06-24,DHL,PROD-11666,Escalated
"On-time delivery, very satisfied",2,ORD-44326,CUST-10802,2025-01-04,FedEx,PROD-11587,Escalated
"On-time delivery, very satisfied",9,ORD-42239,CUST-10680,2025-07-27,UPS,PROD-11972,Escalated
Package was delayed but support helped,8,ORD-43958,CUST-10172,2025-05-15,DHL,PROD-11450,Escalated
"On-time delivery, very satisfied",6,ORD-43172,CUST-10678,2025-01-18,Delhivery,PROD-11114,Pending
Excellent service,8,ORD-41721,CUST-10080,2025-01-11,UPS,PROD-11759,Escalated
Damaged box but product fine,5,ORD-43671,CUST-10903,2025-02-06,FedEx,PROD-11782,Pending
Excellent service,6,ORD-40214,CUST-10940,2025-03-28,BlueDart,PROD-11607,Escalated
Excellent service,4,ORD-44155,CUST-10244,2025-08-28,UPS,PROD-11800,Pending
Quick and smooth delivery,1,ORD-40591,CUST-10958,2025-04-12,DHL,PROD-11745,Pending
Package was delayed but support helped,3,ORD-41118,CUST-10685,2025-04-17,DHL,PROD-11343,Escalated
Damaged box but product fine,5,ORD-44711,CUST-10716,2025-02-17,Delhivery,PROD-11949,Resolved
Damaged box but product fine,1,ORD-40109,CUST-10637,2025-08-12,DHL,PROD-11994,Pending
Quick and smooth delivery,5,ORD-40601,CUST-10819,2025-07-01,BlueDart,PROD-11571,Escalated
"On-time delivery, very satisfied",7,ORD-44595,CUST-10211,2025-07-15,BlueDart,PROD-11453,Pending
Package was delayed but support helped,10,ORD-43118,CUST-10782,2025-04-04,UPS,PROD-11388,Escalated
Package was delayed but support helped,6,ORD-41486,CUST-10362,2025-02-09,BlueDart,PROD-11535,Escalated
"On-time delivery, very satisfied",1,ORD-42518,CUST-10768,2025-07-17,DHL,PROD-11530,Resolved
"On-time delivery, very satisfied",7,ORD-41848,CUST-10773,2025-04-20,BlueDart,PROD-11912,Resolved
Package was delayed but support helped,1,ORD-44988,CUST-10267,2025-01-20,DHL,PROD-11484,Pending
Excellent service,3,ORD-40395,CUST-10150,2025-05-05,DHL,PROD-11876,Resolved
Damaged box but product fine,10,ORD-43575,CUST-10436,2025-02-20,FedEx,PROD-11382,Escalated
"On-time delivery, very satisfied",7,ORD-40624,CUST-10426,2025-06-27,DHL,PROD-11048,Pending
Damaged box but product fine,10,ORD-41451,CUST-10121,2025-03-08,BlueDart,PROD-11616,Pending
"On-time delivery, very satisfied",8,ORD-43556,CUST-10907,2025-05-25,Delhivery,PROD-11196,Escalated
Quick and smooth delivery,7,ORD-43988,CUST-10692,2025-07-17,UPS,PROD-11649,Pending
Damaged box but product fine,10,ORD-41427,CUST-10541,2025-05-18,Delhivery,PROD-11115,Resolved
Damaged box but product fine,8,ORD-40640,CUST-10660,2025-05-06,UPS,PROD-11049,Resolved
Package was delayed but support helped,1,ORD-42996,CUST-10738,2025-03-11,BlueDart,PROD-11712,Resolved
Damaged box but product fine,1,ORD-40340,CUST-10365,2025-08-07,Delhivery,PROD-11774,Resolved
Quick and smooth delivery,4,ORD-44530,CUST-10534,2025-02-02,UPS,PROD-11813,Escalated
Damaged box but product fine,4,ORD-42496,CUST-10966,2025-03-28,FedEx,PROD-11607,Resolved
"On-time delivery, very satisfied",10,ORD-40616,CUST-10992,2025-05-21,Delhivery,PROD-11849,Pending
Excellent service,9,ORD-41057,CUST-10717,2025-05-27,FedEx,PROD-11928,Pending
Damaged box but product fine,8,ORD-44630,CUST-10664,2025-03-23,DHL,PROD-11964,Escalated
"On-time delivery, very satisfied",9,ORD-44891,CUST-10136,2025-02-11,Delhivery,PROD-11043,Resolved
Excellent service,7,ORD-44000,CUST-10908,2025-05-23,FedEx,PROD-11329,Escalated
Quick and smooth delivery,3,ORD-43040,CUST-10843,2025-03-21,BlueDart,PROD-11612,Pending
Damaged box but product fine,3,ORD-42361,CUST-10447,2025-07-13,DHL,PROD-11225,Resolved
Package was delayed but support helped,9,ORD-44971,CUST-10907,2025-05-17,Delhivery,PROD-11465,Resolved
Excellent service,8,ORD-40936,CUST-10264,2025-06-18,UPS,PROD-11543,Pending
Package was delayed but support helped,4,ORD-43441,CUST-10901,2025-03-14,DHL,PROD-11372,Escalated
Damaged box but product fine,1,ORD-40279,CUST-10951,2025-01-06,UPS,PROD-11271,Resolved
"On-time delivery, very satisfied",1,ORD-44087,CUST-10253,2025-06-14,FedEx,PROD-11803,Escalated
Quick and smooth delivery,9,ORD-41320,CUST-10934,2025-03-12,FedEx,PROD-11737,Resolved
Excellent service,2,ORD-40326,CUST-10389,2025-05-21,DHL,PROD-11725,Resolved
Package was delayed but support helped,4,ORD-43287,CUST-10083,2025-02-21,UPS,PROD-11040,Escalated
"On-time delivery, very satisfied",4,ORD-43742,CUST-10566,2025-02-10,DHL,PROD-11487,Resolved
Quick and smooth delivery,6,ORD-40366,CUST-10595,2025-04-04,UPS,PROD-11518,Resolved
Damaged box but product fine,3,ORD-42911,CUST-10073,2025-05-22,BlueDart,PROD-11058,Pending
Excellent service,8,ORD-41127,CUST-10289,2025-02-04,FedEx,PROD-11892,Escalated
Excellent service,8,ORD-41891,CUST-10751,2025-07-23,Delhivery,PROD-11251,Resolved
"On-time delivery, very satisfied",3,ORD-41060,CUST-10402,2025-06-02,DHL,PROD-11032,Escalated
Package was delayed but support helped,7,ORD-44901,CUST-10147,2025-03-18,UPS,PROD-11448,Resolved
Package was delayed but support helped,5,ORD-41223,CUST-10510,2025-04-30,FedEx,PROD-11261,Resolved
Excellent service,9,ORD-44907,CUST-10934,2025-08-14,BlueDart,PROD-11149,Resolved
Quick and smooth delivery,4,ORD-40143,CUST-10293,2025-02-19,DHL,PROD-11416,Resolved
Package was delayed but support helped,4,ORD-43880,CUST-10863,2025-08-02,DHL,PROD-11628,Resolved
Package was delayed but support helped,5,ORD-42757,CUST-10614,2025-07-28,DHL,PROD-11298,Pending
Quick and smooth delivery,8,ORD-41163,CUST-10365,2025-05-16,Delhivery,PROD-11724,Resolved
Quick and smooth delivery,3,ORD-44141,CUST-10562,2025-01-21,FedEx,PROD-11668,Pending
Damaged box but product fine,7,ORD-41154,CUST-10077,2025-02-17,FedEx,PROD-11123,Pending
"On-time delivery, very satisfied",10,ORD-43135,CUST-10615,2025-05-27,Delhivery,PROD-11281,Pending
Damaged box but product fine,4,ORD-43843,CUST-10538,2025-04-04,DHL,PROD-11358,Pending
Excellent service,5,ORD-40951,CUST-10083,2025-05-19,Delhivery,PROD-11727,Pending
Damaged box but product fine,2,ORD-43818,CUST-10545,2025-03-04,FedEx,PROD-11142,Resolved
Quick and smooth delivery,8,ORD-43011,CUST-10599,2025-02-16,FedEx,PROD-11400,Pending
Quick and smooth delivery,10,ORD-42050,CUST-10682,2025-01-02,DHL,PROD-11403,Pending
Damaged box but product fine,5,ORD-43852,CUST-10528,2025-07-24,Delhivery,PROD-11280,Resolved
Quick and smooth delivery,4,ORD-41511,CUST-10566,2025-08-29,UPS,PROD-11276,Resolved
Package was delayed but support helped,10,ORD-43867,CUST-10983,2025-02-10,DHL,PROD-11744,Escalated
Quick and smooth delivery,10,ORD-42583,CUST-10628,2025-01-10,DHL,PROD-11332,Pending
Damaged box but product fine,2,ORD-42075,CUST-10184,2025-08-17,FedEx,PROD-11154,Pending
Excellent service,9,ORD-41931,CUST-10980,2025-01-17,BlueDart,PROD-11014,Escalated
Excellent service,5,ORD-41165,CUST-10228,2025-07-31,UPS,PROD-11352,Resolved
Excellent service,6,ORD-40339,CUST-10841,2025-01-26,BlueDart,PROD-11852,Resolved
Quick and smooth delivery,3,ORD-40680,CUST-10419,2025-04-21,FedEx,PROD-11470,Pending
Excellent service,8,ORD-44316,CUST-10089,2025-08-19,DHL,PROD-11838,Escalated
Damaged box but product fine,7,ORD-42225,CUST-10543,2025-07-07,BlueDart,PROD-11939,Resolved
Quick and smooth delivery,6,ORD-41077,CUST-10963,2025-01-28,DHL,PROD-11642,Escalated
"On-time delivery, very satisfied",3,ORD-42095,CUST-10147,2025-07-20,FedEx,PROD-11244,Resolved
Damaged box but product fine,7,ORD-41545,CUST-10445,2025-01-29,Delhivery,PROD-11404,Resolved
Package was delayed but support helped,6,ORD-41682,CUST-10880,2025-02-01,UPS,PROD-11221,Resolved
Excellent service,2,ORD-41904,CUST-10661,2025-05-16,BlueDart,PROD-11319,Resolved
Quick and smooth delivery,2,ORD-42785,CUST-10063,2025-04-02,UPS,PROD-11677,Escalated
Excellent service,2,ORD-42526,CUST-10780,2025-05-23,FedEx,PROD-11104,Escalated
Excellent service,2,ORD-40344,CUST-10594,2025-03-25,UPS,PROD-11534,Resolved
Excellent service,7,ORD-41281,CUST-10367,2025-01-23,DHL,PROD-11150,Resolved
Package was delayed but support helped,3,ORD-40121,CUST-10528,2025-03-02,Delhivery,PROD-11545,Pending
Quick and smooth delivery,1,ORD-40375,CUST-10474,2025-02-05,BlueDart,PROD-11163,Escalated
Damaged box but product fine,5,ORD-44026,CUST-10906,2025-02-23,FedEx,PROD-11036,Resolved
Quick and smooth delivery,8,ORD-43278,CUST-10520,2025-04-25,FedEx,PROD-11997,Pending
Package was delayed but support helped,1,ORD-43002,CUST-10510,2025-08-17,Delhivery,PROD-11926,Escalated
Package was delayed but support helped,2,ORD-42605,CUST-10764,2025-03-01,FedEx,PROD-11087,Escalated
Package was delayed but support helped,7,ORD-41280,CUST-10872,2025-06-26,BlueDart,PROD-11728,Resolved
Package was delayed but support helped,5,ORD-40163,CUST-10670,2025-05-27,Delhivery,PROD-11190,Pending
Quick and smooth delivery,4,ORD-42286,CUST-10575,2025-07-26,DHL,PROD-11367,Escalated
Package was delayed but support helped,4,ORD-42932,CUST-10449,2025-03-20,DHL,PROD-11844,Escalated
Package was delayed but support helped,5,ORD-40497,CUST-10812,2025-07-15,BlueDart,PROD-11032,Pending
Package was delayed but support helped,10,ORD-40405,CUST-10522,2025-08-31,DHL,PROD-11638,Escalated
Excellent service,4,ORD-43006,CUST-10602,2025-01-10,DHL,PROD-11812,Resolved
Package was delayed but support helped,8,ORD-40924,CUST-10568,2025-05-10,UPS,PROD-11801,Pending
Excellent service,2,ORD-44426,CUST-10675,2025-05-04,FedEx,PROD-11745,Resolved
Quick and smooth delivery,2,ORD-42254,CUST-10617,2025-08-04,DHL,PROD-11383,Escalated
Damaged box but product fine,3,ORD-42189,CUST-10747,2025-04-09,BlueDart,PROD-11673,Escalated
Damaged box but product fine,6,ORD-41356,CUST-10114,2025-05-10,BlueDart,PROD-11845,Pending
Damaged box but product fine,7,ORD-43476,CUST-10522,2025-02-14,Delhivery,PROD-11596,Resolved
Excellent service,6,ORD-42161,CUST-10275,2025-01-18,DHL,PROD-11900,Pending
Quick and smooth delivery,3,ORD-40685,CUST-10426,2025-01-28,DHL,PROD-11545,Escalated
"On-time delivery, very satisfied",9,ORD-40861,CUST-10300,2025-01-08,UPS,PROD-11143,Pending
Quick and smooth delivery,8,ORD-41613,CUST-10465,2025-08-28,DHL,PROD-11434,Pending
Quick and smooth delivery,9,ORD-44560,CUST-10324,2025-01-12,BlueDart,PROD-11077,Escalated
Quick and smooth delivery,1,ORD-42393,CUST-10586,2025-02-10,Delhivery,PROD-11613,Pending
Quick and smooth delivery,3,ORD-41550,CUST-10588,2025-02-17,Delhivery,PROD-11169,Pending
"On-time delivery, very satisfied",1,ORD-40335,CUST-10230,2025-04-30,DHL,PROD-11453,Resolved
"On-time delivery, very satisfied",2,ORD-43839,CUST-10953,2025-04-09,FedEx,PROD-11452,Pending
Quick and smooth delivery,4,ORD-42869,CUST-10793,2025-01-01,FedEx,PROD-11676,Pending
Damaged box but product fine,3,ORD-43088,CUST-10124,2025-04-14,FedEx,PROD-11949,Pending
Damaged box but product fine,7,ORD-43604,CUST-10087,2025-03-30,FedEx,PROD-11229,Pending
Damaged box but product fine,8,ORD-40653,CUST-10136,2025-02-11,DHL,PROD-11626,Pending
Damaged box but product fine,1,ORD-40731,CUST-10563,2025-03-19,BlueDart,PROD-11959,Resolved
Damaged box but product fine,7,ORD-44863,CUST-10198,2025-06-24,Delhivery,PROD-11592,Escalated
"On-time delivery, very satisfied",8,ORD-41984,CUST-10201,2025-03-09,DHL,PROD-11685,Resolved
"On-time delivery, very satisfied",1,ORD-43409,CUST-10227,2025-02-28,UPS,PROD-11634,Pending
Excellent service,9,ORD-42843,CUST-10681,2025-05-29,FedEx,PROD-11011,Pending
Package was delayed but support helped,4,ORD-44753,CUST-10130,2025-07-05,Delhivery,PROD-11208,Escalated
Damaged box but product fine,8,ORD-43677,CUST-10349,2025-07-22,UPS,PROD-11510,Escalated
Excellent service,7,ORD-42172,CUST-10459,2025-06-19,FedEx,PROD-11350,Pending
Excellent service,6,ORD-40371,CUST-10867,2025-04-24,FedEx,PROD-11855,Escalated
Package was delayed but support helped,5,ORD-44359,CUST-10520,2025-02-11,DHL,PROD-11619,Resolved
Excellent service,6,ORD-42318,CUST-10551,2025-08-13,UPS,PROD-11592,Pending
"On-time delivery, very satisfied",4,ORD-41002,CUST-10727,2025-01-28,DHL,PROD-11937,Escalated
Excellent service,7,ORD-43789,CUST-10649,2025-06-08,Delhivery,PROD-11763,Pending
"On-time delivery, very satisfied",8,ORD-44656,CUST-10071,2025-04-10,BlueDart,PROD-11491,Escalated
Damaged box but product fine,3,ORD-43394,CUST-10796,2025-03-19,FedEx,PROD-11104,Escalated
Quick and smooth delivery,9,ORD-43023,CUST-10700,2025-04-10,BlueDart,PROD-11390,Resolved
Package was delayed but support helped,4,ORD-44530,CUST-10864,2025-03-15,UPS,PROD-11843,Pending
Quick and smooth delivery,4,ORD-40336,CUST-10666,2025-01-22,FedEx,PROD-11164,Escalated
Excellent service,9,ORD-41309,CUST-10527,2025-03-12,UPS,PROD-11579,Resolved
"On-time delivery, very satisfied",2,ORD-40011,CUST-10435,2025-07-27,UPS,PROD-11597,Pending
Quick and smooth delivery,8,ORD-44705,CUST-10737,2025-01-31,BlueDart,PROD-11454,Escalated
Package was delayed but support helped,5,ORD-40555,CUST-10940,2025-01-25,UPS,PROD-11501,Resolved
Package was delayed but support helped,9,ORD-44317,CUST-10558,2025-08-18,BlueDart,PROD-11565,Escalated
"On-time delivery, very satisfied",6,ORD-44963,CUST-10381,2025-07-16,UPS,PROD-11936,Pending
Package was delayed but support helped,2,ORD-42796,CUST-10616,2025-01-06,FedEx,PROD-11213,Resolved
Package was delayed but support helped,5,ORD-41884,CUST-10477,2025-01-25,BlueDart,PROD-11015,Pending
Excellent service,10,ORD-41619,CUST-10419,2025-04-03,UPS,PROD-11797,Pending
Package was delayed but support helped,2,ORD-43877,CUST-10021,2025-05-09,UPS,PROD-11715,Escalated
Quick and smooth delivery,10,ORD-43873,CUST-10475,2025-06-01,DHL,PROD-11306,Resolved
Quick and smooth delivery,6,ORD-41884,CUST-10896,2025-05-17,UPS,PROD-11016,Resolved
Damaged box but product fine,1,ORD-43123,CUST-10760,2025-06-15,FedEx,PROD-11383,Resolved
Package was delayed but support helped,9,ORD-41916,CUST-10977,2025-04-20,UPS,PROD-11893,Pending
Package was delayed but support helped,4,ORD-40619,CUST-10029,2025-06-20,Delhivery,PROD-11528,Pending
Excellent service,10,ORD-40019,CUST-10007,2025-08-10,FedEx,PROD-11291,Pending
Damaged box but product fine,10,ORD-42219,CUST-10884,2025-02-10,DHL,PROD-11335,Resolved
Excellent service,4,ORD-41324,CUST-10577,2025-04-17,FedEx,PROD-11255,Pending
Damaged box but product fine,8,ORD-40221,CUST-10556,2025-02-22,Delhivery,PROD-11084,Pending
Package was delayed but support helped,2,ORD-44511,CUST-10129,2025-01-12,Delhivery,PROD-11420,Pending
Excellent service,2,ORD-44358,CUST-10337,2025-06-17,Delhivery,PROD-11349,Pending
Damaged box but product fine,5,ORD-41846,CUST-10884,2025-04-09,Delhivery,PROD-11957,Resolved
Damaged box but product fine,1,ORD-43110,CUST-10678,2025-05-20,BlueDart,PROD-11259,Resolved
Package was delayed but support helped,4,ORD-42420,CUST-10761,2025-06-27,UPS,PROD-11551,Pending
Quick and smooth delivery,4,ORD-43985,CUST-10116,2025-06-15,BlueDart,PROD-11050,Resolved
Excellent service,3,ORD-41289,CUST-10523,2025-07-22,FedEx,PROD-11440,Resolved
Package was delayed but support helped,4,ORD-41811,CUST-10245,2025-07-29,Delhivery,PROD-11504,Pending
Package was delayed but support helped,6,ORD-42214,CUST-10538,2025-07-02,UPS,PROD-11705,Escalated
"On-time delivery, very satisfied",7,ORD-41368,CUST-10005,2025-07-14,BlueDart,PROD-11557,Pending
Package was delayed but support helped,7,ORD-40854,CUST-10024,2025-06-14,BlueDart,PROD-11515,Escalated
Quick and smooth delivery,2,ORD-40934,CUST-10142,2025-05-31,FedEx,PROD-11575,Escalated
Excellent service,8,ORD-43484,CUST-10441,2025-06-13,FedEx,PROD-11020,Pending
Damaged box but product fine,4,ORD-44151,CUST-10191,2025-01-12,FedEx,PROD-11640,Pending
Quick and smooth delivery,3,ORD-41473,CUST-10282,2025-01-05,DHL,PROD-11223,Resolved
"On-time delivery, very satisfied",3,ORD-43373,CUST-10350,2025-02-24,Delhivery,PROD-11625,Pending
Quick and smooth delivery,2,ORD-41795,CUST-10184,2025-08-19,FedEx,PROD-11016,Resolved
Quick and smooth delivery,2,ORD-44552,CUST-10008,2025-07-21,UPS,PROD-11505,Pending
Quick and smooth delivery,10,ORD-41226,CUST-10982,2025-03-26,FedEx,PROD-11539,Pending
Quick and smooth delivery,1,ORD-42349,CUST-10322,2025-07-18,UPS,PROD-11377,Resolved
Excellent service,3,ORD-41451,CUST-10688,2025-04-25,FedEx,PROD-11231,Resolved
Quick and smooth delivery,1,ORD-42126,CUST-10118,2025-02-27,BlueDart,PROD-11652,Resolved
"On-time delivery, very satisfied",5,ORD-44656,CUST-10640,2025-06-01,UPS,PROD-11755,Resolved
Damaged box but product fine,2,ORD-41717,CUST-10343,2025-07-16,UPS,PROD-11088,Escalated
Package was delayed but support helped,5,ORD-44781,CUST-10552,2025-01-19,UPS,PROD-11048,Escalated
Excellent service,2,ORD-41228,CUST-10174,2025-07-02,DHL,PROD-11277,Pending
"On-time delivery, very satisfied",4,ORD-43847,CUST-10289,2025-07-27,Delhivery,PROD-11558,Pending
Package was delayed but support helped,2,ORD-42758,CUST-10546,2025-05-03,BlueDart,PROD-11009,Pending
Quick and smooth delivery,1,ORD-43834,CUST-10478,2025-08-01,FedEx,PROD-11540,Escalated
Damaged box but product fine,8,ORD-40697,CUST-10257,2025-06-15,Delhivery,PROD-11349,Resolved
Quick and smooth delivery,8,ORD-43312,CUST-10741,2025-07-29,UPS,PROD-11174,Escalated
Package was delayed but support helped,9,ORD-42244,CUST-10615,2025-02-05,DHL,PROD-11252,Resolved
Damaged box but product fine,3,ORD-41787,CUST-10404,2025-08-23,Delhivery,PROD-11853,Resolved
Package was delayed but support helped,4,ORD-43387,CUST-10726,2025-05-17,BlueDart,PROD-11487,Pending
Damaged box but product fine,7,ORD-40677,CUST-10897,2025-02-18,DHL,PROD-11143,Resolved
Quick and smooth delivery,7,ORD-44708,CUST-10229,2025-03-04,FedEx,PROD-11226,Pending
Damaged box but product fine,2,ORD-41210,CUST-10458,2025-08-26,BlueDart,PROD-11308,Pending
Quick and smooth delivery,7,ORD-40526,CUST-10384,2025-03-17,UPS,PROD-11014,Resolved
Excellent service,10,ORD-41997,CUST-10907,2025-01-12,DHL,PROD-11347,Resolved
Quick and smooth delivery,6,ORD-42336,CUST-10145,2025-01-22,BlueDart,PROD-11756,Resolved
Damaged box but product fine,7,ORD-43371,CUST-10493,2025-02-15,Delhivery,PROD-11400,Resolved
"On-time delivery, very satisfied",10,ORD-42880,CUST-10146,2025-02-10,Delhivery,PROD-11537,Pending
Excellent service,3,ORD-40590,CUST-10358,2025-08-28,UPS,PROD-11837,Escalated
Damaged box but product fine,5,ORD-40732,CUST-10970,2025-08-21,UPS,PROD-11614,Pending
Excellent service,9,ORD-42650,CUST-10065,2025-01-03,UPS,PROD-11559,Resolved
"On-time delivery, very satisfied",5,ORD-41620,CUST-10919,2025-08-28,Delhivery,PROD-11972,Pending
"On-time delivery, very satisfied",2,ORD-44967,CUST-10654,2025-03-04,BlueDart,PROD-11287,Resolved
Excellent service,5,ORD-44712,CUST-10114,2025-03-09,UPS,PROD-11374,Pending
Quick and smooth delivery,9,ORD-40237,CUST-10726,2025-05-02,UPS,PROD-11543,Escalated
Package was delayed but support helped,7,ORD-41693,CUST-10216,2025-03-18,BlueDart,PROD-11534,Resolved
Excellent service,9,ORD-43518,CUST-10174,2025-08-01,Delhivery,PROD-11864,Escalated
Excellent service,10,ORD-40452,CUST-10850,2025-01-18,DHL,PROD-11701,Pending
"On-time delivery, very satisfied",8,ORD-43125,CUST-10121,2025-06-29,FedEx,PROD-11894,Pending
Quick and smooth delivery,2,ORD-42147,CUST-10867,2025-08-28,Delhivery,PROD-11287,Pending
Package was delayed but support helped,3,ORD-42144,CUST-10408,2025-07-20,Delhivery,PROD-11483,Resolved
Package was delayed but support helped,2,ORD-44016,CUST-10599,2025-08-29,FedEx,PROD-11902,Escalated
Quick and smooth delivery,7,ORD-44660,CUST-10644,2025-05-29,DHL,PROD-11314,Pending
Quick and smooth delivery,5,ORD-44567,CUST-10587,2025-01-11,DHL,PROD-11141,Escalated
Quick and smooth delivery,8,ORD-44523,CUST-10076,2025-06-04,Delhivery,PROD-11282,Resolved
"On-time delivery, very satisfied",10,ORD-44137,CUST-10409,2025-07-20,UPS,PROD-11620,Resolved
Package was delayed but support helped,3,ORD-44325,CUST-10586,2025-08-29,UPS,PROD-11189,Resolved
"On-time delivery, very satisfied",5,ORD-42247,CUST-10205,2025-08-01,UPS,PROD-11297,Pending
Package was delayed but support helped,10,ORD-42685,CUST-10681,2025-04-06,UPS,PROD-11654,Resolved
Damaged box but product fine,5,ORD-43608,CUST-10611,2025-08-24,FedEx,PROD-11142,Resolved
Excellent service,3,ORD-41317,CUST-10751,2025-06-10,FedEx,PROD-11815,Resolved
Damaged box but product fine,2,ORD-42907,CUST-10362,2025-07-13,DHL,PROD-11559,Escalated
Damaged box but product fine,7,ORD-43149,CUST-10202,2025-05-02,DHL,PROD-11616,Pending
Package was delayed but support helped,9,ORD-42845,CUST-10234,2025-04-27,DHL,PROD-11551,Escalated
Package was delayed but support helped,1,ORD-44260,CUST-10300,2025-03-21,Delhivery,PROD-11520,Resolved
Package was delayed but support helped,2,ORD-41894,CUST-10435,2025-03-02,BlueDart,PROD-11653,Resolved
"On-time delivery, very satisfied",9,ORD-42885,CUST-10245,2025-03-06,BlueDart,PROD-11126,Resolved
Package was delayed but support helped,7,ORD-40060,CUST-10978,2025-05-24,Delhivery,PROD-11487,Pending
Excellent service,10,ORD-40895,CUST-10649,2025-03-16,FedEx,PROD-11698,Escalated
Excellent service,7,ORD-40605,CUST-10611,2025-03-05,BlueDart,PROD-11045,Resolved
Damaged box but product fine,4,ORD-42460,CUST-10420,2025-03-29,DHL,PROD-11682,Resolved
Damaged box but product fine,1,ORD-42489,CUST-10068,2025-02-26,FedEx,PROD-11668,Escalated
Damaged box but product fine,1,ORD-43018,CUST-10610,2025-01-17,DHL,PROD-11641,Resolved
Excellent service,4,ORD-44881,CUST-10798,2025-03-13,Delhivery,PROD-11370,Resolved
"On-time delivery, very satisfied",10,ORD-40433,CUST-10949,2025-07-05,DHL,PROD-11091,Resolved
Quick and smooth delivery,6,ORD-40462,CUST-10946,2025-03-19,BlueDart,PROD-11845,Resolved
Damaged box but product fine,7,ORD-44102,CUST-10173,2025-01-28,Delhivery,PROD-11517,Resolved
"On-time delivery, very satisfied",3,ORD-40459,CUST-10743,2025-06-26,Delhivery,PROD-11128,Pending
Excellent service,6,ORD-40286,CUST-10793,2025-01-28,Delhivery,PROD-11596,Resolved
Quick and smooth delivery,8,ORD-43870,CUST-10678,2025-07-21,Delhivery,PROD-11710,Pending
Damaged box but product fine,5,ORD-42698,CUST-10378,2025-08-04,FedEx,PROD-11498,Resolved
Package was delayed but support helped,10,ORD-40349,CUST-10117,2025-06-18,FedEx,PROD-11641,Escalated
"On-time delivery, very satisfied",5,ORD-43417,CUST-10199,2025-07-23,Delhivery,PROD-11976,Resolved
Damaged box but product fine,3,ORD-41325,CUST-10698,2025-07-21,DHL,PROD-11336,Pending
Damaged box but product fine,8,ORD-40348,CUST-10753,2025-02-16,FedEx,PROD-11419,Resolved
Quick and smooth delivery,6,ORD-40310,CUST-10084,2025-08-30,BlueDart,PROD-11671,Resolved
Excellent service,5,ORD-42298,CUST-10111,2025-05-24,FedEx,PROD-11338,Pending
"On-time delivery, very satisfied",7,ORD-43148,CUST-10234,2025-06-23,Delhivery,PROD-11382,Escalated
Package was delayed but support helped,8,ORD-42866,CUST-10165,2025-07-29,UPS,PROD-11878,Resolved
Excellent service,8,ORD-44548,CUST-10620,2025-03-09,FedEx,PROD-11740,Resolved
Damaged box but product fine,2,ORD-40605,CUST-10962,2025-02-28,DHL,PROD-11469,Escalated
Excellent service,2,ORD-42143,CUST-10289,2025-08-15,BlueDart,PROD-11174,Pending
Package was delayed but support helped,10,ORD-40974,CUST-10942,2025-06-16,Delhivery,PROD-11967,Pending
Package was delayed but support helped,8,ORD-42627,CUST-10980,2025-08-07,FedEx,PROD-11651,Resolved
Damaged box but product fine,2,ORD-43102,CUST-10499,2025-06-05,UPS,PROD-11839,Resolved
Package was delayed but support helped,4,ORD-43241,CUST-10552,2025-08-09,Delhivery,PROD-11514,Pending
"On-time delivery, very satisfied",10,ORD-41312,CUST-10276,2025-08-24,BlueDart,PROD-11272,Resolved
Excellent service,1,ORD-40599,CUST-10343,2025-04-20,Delhivery,PROD-11693,Pending
"On-time delivery, very satisfied",8,ORD-44903,CUST-10535,2025-08-18,Delhivery,PROD-11513,Pending
Damaged box but product fine,9,ORD-40924,CUST-10065,2025-07-31,Delhivery,PROD-11654,Escalated
Damaged box but product fine,4,ORD-44706,CUST-10416,2025-07-22,UPS,PROD-11007,Pending
Damaged box but product fine,8,ORD-44851,CUST-10602,2025-02-04,FedEx,PROD-11503,Resolved
"On-time delivery, very satisfied",10,ORD-43221,CUST-10551,2025-07-12,UPS,PROD-11897,Escalated
Damaged box but product fine,8,ORD-42907,CUST-10390,2025-04-07,DHL,PROD-11064,Pending
Excellent service,5,ORD-42259,CUST-10785,2025-01-05,DHL,PROD-11284,Pending
"On-time delivery, very satisfied",1,ORD-41444,CUST-10822,2025-06-11,DHL,PROD-11891,Pending
Quick and smooth delivery,6,ORD-41144,CUST-10502,2025-07-09,FedEx,PROD-11939,Resolved
Package was delayed but support helped,1,ORD-44077,CUST-10789,2025-06-28,Delhivery,PROD-11412,Resolved
"On-time delivery, very satisfied",5,ORD-40320,CUST-10581,2025-03-02,Delhivery,PROD-11703,Escalated
Quick and smooth delivery,9,ORD-44773,CUST-10865,2025-06-02,BlueDart,PROD-11873,Resolved
Excellent service,3,ORD-42458,CUST-10425,2025-08-28,DHL,PROD-11110,Pending
"On-time delivery, very satisfied",8,ORD-42897,CUST-10208,2025-01-30,DHL,PROD-11166,Pending
Damaged box but product fine,1,ORD-40679,CUST-10750,2025-04-14,BlueDart,PROD-11115,Escalated
"On-time delivery, very satisfied",3,ORD-40012,CUST-10967,2025-08-28,DHL,PROD-11564,Resolved
Package was delayed but support helped,10,ORD-41056,CUST-10147,2025-01-14,FedEx,PROD-11528,Pending
Damaged box but product fine,4,ORD-44822,CUST-10869,2025-08-30,DHL,PROD-11464,Escalated
Quick and smooth delivery,5,ORD-40866,CUST-10567,2025-02-05,BlueDart,PROD-11654,Escalated
Damaged box but product fine,1,ORD-41228,CUST-10491,2025-05-04,FedEx,PROD-11394,Pending
"On-time delivery, very satisfied",8,ORD-43320,CUST-10728,2025-01-22,BlueDart,PROD-11981,Pending
Excellent service,5,ORD-44105,CUST-10629,2025-08-25,BlueDart,PROD-11127,Pending
Package was delayed but support helped,9,ORD-41003,CUST-10714,2025-05-03,UPS,PROD-11771,Pending
"On-time delivery, very satisfied",7,ORD-40784,CUST-10435,2025-07-09,BlueDart,PROD-11962,Resolved
Excellent service,10,ORD-44308,CUST-10487,2025-07-23,FedEx,PROD-11293,Escalated
Excellent service,9,ORD-42655,CUST-10861,2025-02-16,DHL,PROD-11157,Resolved
Excellent service,9,ORD-44345,CUST-10049,2025-02-25,DHL,PROD-11176,Pending
Damaged box but product fine,3,ORD-43392,CUST-10338,2025-06-18,BlueDart,PROD-11902,Resolved
Quick and smooth delivery,6,ORD-41550,CUST-10804,2025-08-13,UPS,PROD-11690,Escalated
Quick and smooth delivery,10,ORD-41183,CUST-10106,2025-08-29,FedEx,PROD-11185,Resolved
Package was delayed but support helped,6,ORD-40302,CUST-10225,2025-08-26,UPS,PROD-11775,Pending
Quick and smooth delivery,3,ORD-43167,CUST-10954,2025-01-26,Delhivery,PROD-11836,Escalated
Damaged box but product fine,1,ORD-43844,CUST-10920,2025-07-26,DHL,PROD-11906,Pending
Package was delayed but support helped,8,ORD-42845,CUST-10841,2025-04-16,UPS,PROD-11770,Escalated
Quick and smooth delivery,4,ORD-43282,CUST-10798,2025-08-08,Delhivery,PROD-11953,Escalated
Damaged box but product fine,1,ORD-42037,CUST-10396,2025-02-18,BlueDart,PROD-11404,Pending
Package was delayed but support helped,6,ORD-40894,CUST-10797,2025-03-15,FedEx,PROD-11429,Pending
Package was delayed but support helped,1,ORD-44893,CUST-10391,2025-07-25,FedEx,PROD-11512,Escalated
Package was delayed but support helped,3,ORD-41091,CUST-10421,2025-06-12,BlueDart,PROD-11941,Pending
Quick and smooth delivery,9,ORD-43280,CUST-10524,2025-02-11,DHL,PROD-11047,Escalated
"On-time delivery, very satisfied",5,ORD-42955,CUST-10542,2025-07-24,FedEx,PROD-11926,Pending
Quick and smooth delivery,6,ORD-40285,CUST-10268,2025-04-10,FedEx,PROD-11038,Escalated
Package was delayed but support helped,7,ORD-42895,CUST-10543,2025-01-21,BlueDart,PROD-11464,Resolved
Package was delayed but support helped,4,ORD-40297,CUST-10947,2025-06-29,BlueDart,PROD-11993,Resolved
"On-time delivery, very satisfied",10,ORD-40904,CUST-10364,2025-02-22,FedEx,PROD-11568,Escalated
Quick and smooth delivery,7,ORD-42615,CUST-10408,2025-06-25,FedEx,PROD-11742,Resolved
Quick and smooth delivery,3,ORD-40962,CUST-10854,2025-04-24,Delhivery,PROD-11360,Resolved
Quick and smooth delivery,5,ORD-43768,CUST-10752,2025-03-11,DHL,PROD-11955,Resolved
Package was delayed but support helped,1,ORD-41712,CUST-10196,2025-07-10,BlueDart,PROD-11584,Escalated
Quick and smooth delivery,8,ORD-43362,CUST-10922,2025-07-24,BlueDart,PROD-11084,Pending
Damaged box but product fine,10,ORD-42721,CUST-10693,2025-02-17,FedEx,PROD-11914,Pending
Quick and smooth delivery,5,ORD-40678,CUST-10410,2025-02-19,FedEx,PROD-11847,Resolved
Package was delayed but support helped,10,ORD-40010,CUST-10188,2025-05-30,BlueDart,PROD-11458,Escalated
Excellent service,10,ORD-43717,CUST-10440,2025-05-08,BlueDart,PROD-11400,Resolved
"On-time delivery, very satisfied",1,ORD-44821,CUST-10046,2025-04-17,BlueDart,PROD-11942,Resolved
Damaged box but product fine,4,ORD-40379,CUST-10328,2025-06-24,UPS,PROD-11501,Resolved
Excellent service,1,ORD-40246,CUST-10696,2025-03-23,UPS,PROD-11519,Pending
Quick and smooth delivery,8,ORD-44378,CUST-10948,2025-08-29,FedEx,PROD-11279,Resolved
Quick and smooth delivery,4,ORD-40137,CUST-10935,2025-03-14,Delhivery,PROD-11294,Pending
Package was delayed but support helped,8,ORD-43901,CUST-10504,2025-02-13,FedEx,PROD-11517,Resolved
Quick and smooth delivery,9,ORD-42233,CUST-10991,2025-07-28,DHL,PROD-11958,Pending
Package was delayed but support helped,1,ORD-43624,CUST-10589,2025-01-31,Delhivery,PROD-11882,Escalated
Quick and smooth delivery,1,ORD-44098,CUST-10433,2025-08-14,Delhivery,PROD-11916,Resolved
Excellent service,5,ORD-42906,CUST-10012,2025-05-19,UPS,PROD-11758,Resolved
Excellent service,2,ORD-42311,CUST-10448,2025-06-29,UPS,PROD-11404,Resolved
Quick and smooth delivery,1,ORD-41213,CUST-10158,2025-04-07,FedEx,PROD-11383,Pending
Package was delayed but support helped,8,ORD-43416,CUST-10579,2025-06-01,FedEx,PROD-11600,Pending
Excellent service,8,ORD-42723,CUST-10650,2025-04-22,DHL,PROD-11473,Pending
Damaged box but product fine,6,ORD-43128,CUST-10622,2025-01-30,UPS,PROD-11222,Pending
Damaged box but product fine,10,ORD-42435,CUST-10681,2025-06-23,BlueDart,PROD-11961,Resolved
"On-time delivery, very satisfied",9,ORD-40078,CUST-10559,2025-07-26,UPS,PROD-11807,Escalated
Excellent service,7,ORD-42932,CUST-10496,2025-04-13,UPS,PROD-11232,Escalated
Package was delayed but support helped,6,ORD-41153,CUST-10422,2025-02-14,BlueDart,PROD-11485,Resolved
Damaged box but product fine,2,ORD-44677,CUST-10702,2025-02-14,Delhivery,PROD-11854,Pending
Damaged box but product fine,3,ORD-40566,CUST-10794,2025-04-11,FedEx,PROD-11400,Pending
Excellent service,8,ORD-42232,CUST-10762,2025-03-12,BlueDart,PROD-11953,Pending
"On-time delivery, very satisfied",2,ORD-42087,CUST-10088,2025-07-08,DHL,PROD-11292,Escalated
Quick and smooth delivery,1,ORD-44771,CUST-10119,2025-04-26,FedEx,PROD-11113,Resolved
Excellent service,8,ORD-42534,CUST-10654,2025-03-25,Delhivery,PROD-11070,Escalated
Excellent service,4,ORD-41706,CUST-10488,2025-04-29,BlueDart,PROD-11381,Pending
Package was delayed but support helped,4,ORD-42074,CUST-10301,2025-02-21,FedEx,PROD-11768,Escalated
"On-time delivery, very satisfied",9,ORD-44996,CUST-10654,2025-07-29,UPS,PROD-11662,Resolved
Excellent service,7,ORD-43228,CUST-10983,2025-08-26,BlueDart,PROD-11619,Resolved
Quick and smooth delivery,5,ORD-44526,CUST-10674,2025-01-29,UPS,PROD-11655,Resolved
Damaged box but product fine,6,ORD-40062,CUST-10383,2025-07-21,DHL,PROD-11950,Pending
Package was delayed but support helped,10,ORD-40906,CUST-10167,2025-02-23,Delhivery,PROD-11917,Pending
Damaged box but product fine,10,ORD-41160,CUST-10762,2025-01-13,BlueDart,PROD-11392,Resolved
Package was delayed but support helped,3,ORD-44039,CUST-10255,2025-07-07,DHL,PROD-11431,Escalated
"On-time delivery, very satisfied",8,ORD-44195,CUST-10441,2025-08-29,BlueDart,PROD-11457,Escalated
Damaged box but product fine,7,ORD-44844,CUST-10869,2025-07-22,DHL,PROD-11860,Escalated
Damaged box but product fine,10,ORD-41343,CUST-10957,2025-03-20,UPS,PROD-11897,Resolved
Damaged box but product fine,9,ORD-44163,CUST-10807,2025-07-05,FedEx,PROD-11092,Escalated
Damaged box but product fine,9,ORD-42725,CUST-10429,2025-04-05,BlueDart,PROD-11438,Escalated
Damaged box but product fine,8,ORD-43273,CUST-10132,2025-08-01,BlueDart,PROD-11923,Pending
"On-time delivery, very satisfied",8,ORD-44727,CUST-10396,2025-01-26,UPS,PROD-11168,Pending
Package was delayed but support helped,9,ORD-43079,CUST-10898,2025-01-19,FedEx,PROD-11423,Pending
Excellent service,10,ORD-44867,CUST-10853,2025-07-14,UPS,PROD-11349,Escalated
Quick and smooth delivery,10,ORD-42443,CUST-10272,2025-03-11,Delhivery,PROD-11956,Pending
Quick and smooth delivery,3,ORD-42595,CUST-10752,2025-08-17,DHL,PROD-11414,Pending
Damaged box but product fine,8,ORD-44025,CUST-10724,2025-02-05,DHL,PROD-11648,Pending
"On-time delivery, very satisfied",2,ORD-43100,CUST-10759,2025-08-07,UPS,PROD-11627,Resolved
Quick and smooth delivery,5,ORD-44921,CUST-10046,2025-08-30,FedEx,PROD-11369,Escalated
Quick and smooth delivery,10,ORD-41710,CUST-10686,2025-08-28,DHL,PROD-11169,Escalated
Quick and smooth delivery,6,ORD-41391,CUST-10611,2025-08-29,FedEx,PROD-11923,Resolved
"On-time delivery, very satisfied",3,ORD-42491,CUST-10319,2025-01-15,BlueDart,PROD-11230,Resolved
Damaged box but product fine,3,ORD-44335,CUST-10633,2025-04-20,DHL,PROD-11675,Resolved
Package was delayed but support helped,10,ORD-40881,CUST-10560,2025-01-12,Delhivery,PROD-11866,Pending
Damaged box but product fine,9,ORD-40152,CUST-10465,2025-01-29,DHL,PROD-11105,Resolved
Package was delayed but support helped,1,ORD-40245,CUST-10223,2025-01-17,UPS,PROD-11634,Pending
"On-time delivery, very satisfied",10,ORD-40268,CUST-10571,2025-08-07,UPS,PROD-11293,Escalated
"On-time delivery, very satisfied",2,ORD-40766,CUST-10181,2025-05-13,FedEx,PROD-11082,Escalated
Damaged box but product fine,2,ORD-44658,CUST-10451,2025-01-27,UPS,PROD-11905,Resolved
Excellent service,7,ORD-40094,CUST-10378,2025-03-24,DHL,PROD-11621,Resolved
"On-time delivery, very satisfied",5,ORD-40227,CUST-10664,2025-05-30,UPS,PROD-11589,Resolved
Damaged box but product fine,1,ORD-41994,CUST-10317,2025-08-17,Delhivery,PROD-11039,Resolved
Excellent service,2,ORD-40074,CUST-10786,2025-01-17,UPS,PROD-11092,Escalated
Quick and smooth delivery,7,ORD-43995,CUST-10722,2025-06-19,BlueDart,PROD-11884,Escalated
Package was delayed but support helped,7,ORD-41111,CUST-10651,2025-06-18,FedEx,PROD-11833,Escalated
Quick and smooth delivery,7,ORD-41153,CUST-10506,2025-01-31,DHL,PROD-11689,Escalated
Damaged box but product fine,5,ORD-42186,CUST-10729,2025-01-04,UPS,PROD-11451,Pending
"On-time delivery, very satisfied",4,ORD-44910,CUST-10734,2025-08-30,UPS,PROD-11634,Escalated
Excellent service,5,ORD-43646,CUST-10151,2025-08-28,DHL,PROD-11966,Resolved
Excellent service,9,ORD-41969,CUST-10173,2025-03-18,DHL,PROD-11929,Resolved
"On-time delivery, very satisfied",10,ORD-43457,CUST-10817,2025-08-29,UPS,PROD-11203,Escalated
Excellent service,7,ORD-43344,CUST-10752,2025-04-05,UPS,PROD-11291,Pending
Damaged box but product fine,8,ORD-42364,CUST-10485,2025-04-02,UPS,PROD-11265,Escalated
Quick and smooth delivery,9,ORD-42248,CUST-10477,2025-02-07,UPS,PROD-11999,Pending
Excellent service,2,ORD-41352,CUST-10560,2025-03-20,BlueDart,PROD-11410,Escalated
Package was delayed but support helped,6,ORD-41617,CUST-10508,2025-05-08,DHL,PROD-11083,Resolved
Package was delayed but support helped,6,ORD-40814,CUST-10502,2025-07-26,Delhivery,PROD-11285,Escalated
"On-time delivery, very satisfied",8,ORD-42991,CUST-10929,2025-02-01,UPS,PROD-11632,Escalated
Quick and smooth delivery,10,ORD-40670,CUST-10999,2025-06-28,BlueDart,PROD-11240,Resolved
Quick and smooth delivery,10,ORD-43943,CUST-10855,2025-08-25,BlueDart,PROD-11540,Escalated
Excellent service,4,ORD-42263,CUST-10414,2025-05-04,DHL,PROD-11706,Escalated
Package was delayed but support helped,3,ORD-44791,CUST-10562,2025-06-20,BlueDart,PROD-11544,Pending
Quick and smooth delivery,8,ORD-44108,CUST-10427,2025-03-12,DHL,PROD-11678,Pending
Package was delayed but support helped,3,ORD-40686,CUST-10863,2025-08-29,DHL,PROD-11728,Pending
Quick and smooth delivery,3,ORD-41629,CUST-10687,2025-03-12,BlueDart,PROD-11056,Pending
Package was delayed but support helped,3,ORD-44633,CUST-10889,2025-01-30,UPS,PROD-11630,Escalated
Excellent service,10,ORD-44579,CUST-10103,2025-02-05,Delhivery,PROD-11939,Pending
Quick and smooth delivery,3,ORD-44563,CUST-10488,2025-01-25,BlueDart,PROD-11623,Pending
Quick and smooth delivery,9,ORD-43305,CUST-10645,2025-02-23,Delhivery,PROD-11906,Escalated
Excellent service,1,ORD-43556,CUST-10436,2025-01-27,Delhivery,PROD-11125,Pending
"On-time delivery, very satisfied",4,ORD-43929,CUST-10349,2025-05-03,UPS,PROD-11690,Resolved
Package was delayed but support helped,2,ORD-42049,CUST-10158,2025-05-13,FedEx,PROD-11751,Pending
Quick and smooth delivery,5,ORD-44406,CUST-10924,2025-02-09,BlueDart,PROD-11102,Pending
Damaged box but product fine,6,ORD-42690,CUST-10694,2025-06-28,DHL,PROD-11769,Resolved
Package was delayed but support helped,5,ORD-43726,CUST-10367,2025-08-23,DHL,PROD-11430,Resolved
Damaged box but product fine,1,ORD-44996,CUST-10939,2025-03-05,UPS,PROD-11397,Escalated
"On-time delivery, very satisfied",5,ORD-43337,CUST-10296,2025-02-24,BlueDart,PROD-11222,Escalated
"On-time delivery, very satisfied",7,ORD-40634,CUST-10238,2025-05-27,DHL,PROD-11696,Resolved
Package was delayed but support helped,4,ORD-43974,CUST-10218,2025-06-15,Delhivery,PROD-11317,Escalated
"On-time delivery, very satisfied",6,ORD-42838,CUST-10388,2025-01-10,DHL,PROD-11760,Escalated
Package was delayed but support helped,4,ORD-40947,CUST-10232,2025-02-08,BlueDart,PROD-11843,Resolved
Excellent service,9,ORD-40751,CUST-10611,2025-07-26,BlueDart,PROD-11745,Pending
Quick and smooth delivery,10,ORD-44618,CUST-10698,2025-03-18,FedEx,PROD-11101,Escalated
Damaged box but product fine,2,ORD-44385,CUST-10855,2025-04-22,DHL,PROD-11880,Pending
Package was delayed but support helped,10,ORD-43144,CUST-10354,2025-08-10,UPS,PROD-11855,Pending
Package was delayed but support helped,7,ORD-41183,CUST-10780,2025-05-18,UPS,PROD-11861,Resolved
Damaged box but product fine,4,ORD-40754,CUST-10803,2025-05-29,FedEx,PROD-11261,Escalated
Quick and smooth delivery,4,ORD-44284,CUST-10854,2025-01-20,UPS,PROD-11583,Pending
Package was delayed but support helped,1,ORD-42708,CUST-10655,2025-03-06,Delhivery,PROD-11792,Pending
Quick and smooth delivery,4,ORD-40456,CUST-10112,2025-02-06,BlueDart,PROD-11942,Escalated
Quick and smooth delivery,1,ORD-40621,CUST-10333,2025-06-13,FedEx,PROD-11934,Resolved
"On-time delivery, very satisfied",10,ORD-44752,CUST-10496,2025-05-18,BlueDart,PROD-11508,Escalated
Excellent service,3,ORD-42548,CUST-10857,2025-03-31,Delhivery,PROD-11468,Resolved
Damaged box but product fine,2,ORD-44779,CUST-10090,2025-02-17,UPS,PROD-11647,Escalated
Package was delayed but support helped,3,ORD-40174,CUST-10014,2025-01-27,Delhivery,PROD-11761,Escalated
Quick and smooth delivery,4,ORD-43161,CUST-10999,2025-05-31,Delhivery,PROD-11099,Resolved
Package was delayed but support helped,7,ORD-40724,CUST-10268,2025-03-27,BlueDart,PROD-11673,Resolved
Damaged box but product fine,8,ORD-44989,CUST-10273,2025-03-19,FedEx,PROD-11863,Pending
Quick and smooth delivery,1,ORD-40080,CUST-10305,2025-01-20,Delhivery,PROD-11349,Resolved
Package was delayed but support helped,7,ORD-41693,CUST-10763,2025-08-03,FedEx,PROD-11192,Resolved
"On-time delivery, very satisfied",9,ORD-42350,CUST-10467,2025-03-06,Delhivery,PROD-11789,Escalated
Package was delayed but support helped,6,ORD-42277,CUST-10242,2025-04-30,Delhivery,PROD-11914,Pending
Excellent service,8,ORD-44978,CUST-10981,2025-02-07,UPS,PROD-11694,Resolved
"On-time delivery, very satisfied",9,ORD-41302,CUST-10352,2025-08-03,Delhivery,PROD-11994,Resolved
"On-time delivery, very satisfied",8,ORD-43699,CUST-10014,2025-08-31,DHL,PROD-11385,Escalated
Damaged box but product fine,1,ORD-41743,CUST-10368,2025-01-02,UPS,PROD-11761,Escalated
Quick and smooth delivery,6,ORD-41080,CUST-10761,2025-04-22,FedEx,PROD-11250,Resolved
Package was delayed but support helped,5,ORD-44302,CUST-10638,2025-07-16,BlueDart,PROD-11886,Escalated
Package was delayed but support helped,6,ORD-44890,CUST-10332,2025-05-26,FedEx,PROD-11546,Escalated
Package was delayed but support helped,8,ORD-40412,CUST-10964,2025-02-26,FedEx,PROD-11026,Pending
Excellent service,1,ORD-42615,CUST-10023,2025-08-18,DHL,PROD-11627,Resolved
Damaged box but product fine,8,ORD-40420,CUST-10365,2025-03-01,DHL,PROD-11239,Resolved
Quick and smooth delivery,1,ORD-44514,CUST-10768,2025-08-19,UPS,PROD-11247,Resolved
Quick and smooth delivery,8,ORD-43371,CUST-10252,2025-03-29,UPS,PROD-11307,Escalated
Excellent service,3,ORD-43362,CUST-10241,2025-04-27,BlueDart,PROD-11342,Pending
Quick and smooth delivery,5,ORD-42867,CUST-10997,2025-08-31,BlueDart,PROD-11424,Pending
"On-time delivery, very satisfied",7,ORD-42824,CUST-10287,2025-08-22,BlueDart,PROD-11801,Resolved
"On-time delivery, very satisfied",9,ORD-44193,CUST-10382,2025-02-05,Delhivery,PROD-11111,Pending
"On-time delivery, very satisfied",6,ORD-40797,CUST-10424,2025-02-27,DHL,PROD-11333,Pending
Package was delayed but support helped,7,ORD-44498,CUST-10672,2025-06-15,Delhivery,PROD-11191,Resolved
Excellent service,6,ORD-44564,CUST-10845,2025-06-01,FedEx,PROD-11153,Pending
Excellent service,10,ORD-43755,CUST-10340,2025-04-17,FedEx,PROD-11681,Pending
"On-time delivery, very satisfied",1,ORD-42076,CUST-10484,2025-08-31,FedEx,PROD-11170,Pending
"On-time delivery, very satisfied",10,ORD-40646,CUST-10654,2025-04-10,DHL,PROD-11496,Resolved
Package was delayed but support helped,5,ORD-41300,CUST-10677,2025-05-15,BlueDart,PROD-11194,Escalated
Damaged box but product fine,3,ORD-40199,CUST-10080,2025-01-08,FedEx,PROD-11318,Pending
Damaged box but product fine,4,ORD-40543,CUST-10748,2025-04-06,BlueDart,PROD-11415,Pending
Package was delayed but support helped,8,ORD-43374,CUST-10029,2025-04-23,UPS,PROD-11622,Pending
"On-time delivery, very satisfied",9,ORD-44798,CUST-10655,2025-01-21,FedEx,PROD-11766,Resolved
Excellent service,8,ORD-41887,CUST-10337,2025-07-26,DHL,PROD-11445,Pending
Excellent service,1,ORD-44502,CUST-10852,2025-08-05,DHL,PROD-11374,Resolved
Quick and smooth delivery,3,ORD-43677,CUST-10674,2025-03-05,BlueDart,PROD-11422,Pending
Quick and smooth delivery,6,ORD-41750,CUST-10232,2025-02-27,DHL,PROD-11998,Pending
Damaged box but product fine,3,ORD-40526,CUST-10948,2025-04-30,FedEx,PROD-11989,Pending
Damaged box but product fine,3,ORD-42881,CUST-10030,2025-01-30,UPS,PROD-11038,Pending
"On-time delivery, very satisfied",2,ORD-42885,CUST-10450,2025-07-06,DHL,PROD-11161,Escalated
"On-time delivery, very satisfied",9,ORD-43821,CUST-10827,2025-06-25,BlueDart,PROD-11865,Pending
Quick and smooth delivery,2,ORD-43676,CUST-10008,2025-05-27,Delhivery,PROD-11909,Pending
Package was delayed but support helped,5,ORD-40215,CUST-10940,2025-05-05,UPS,PROD-11197,Pending
Damaged box but product fine,1,ORD-42789,CUST-10114,2025-02-12,BlueDart,PROD-11105,Resolved
Damaged box but product fine,10,ORD-43316,CUST-10191,2025-04-22,Delhivery,PROD-11298,Pending
Damaged box but product fine,3,ORD-42058,CUST-10356,2025-01-24,DHL,PROD-11725,Resolved
Excellent service,8,ORD-44010,CUST-10270,2025-03-16,FedEx,PROD-11666,Pending
Excellent service,9,ORD-40981,CUST-10425,2025-04-26,FedEx,PROD-11855,Resolved
Package was delayed but support helped,7,ORD-44912,CUST-10144,2025-07-31,BlueDart,PROD-11591,Pending
Excellent service,8,ORD-41503,CUST-10928,2025-05-19,UPS,PROD-11396,Pending
Package was delayed but support helped,9,ORD-42655,CUST-10180,2025-02-05,FedEx,PROD-11046,Escalated
"On-time delivery, very satisfied",3,ORD-42048,CUST-10678,2025-01-06,Delhivery,PROD-11408,Pending
Excellent service,7,ORD-44906,CUST-10484,2025-01-04,BlueDart,PROD-11801,Pending
Quick and smooth delivery,8,ORD-40324,CUST-10032,2025-06-22,FedEx,PROD-11254,Pending
Quick and smooth delivery,8,ORD-40353,CUST-10491,2025-04-01,UPS,PROD-11423,Escalated
Quick and smooth delivery,1,ORD-43403,CUST-10890,2025-05-19,UPS,PROD-11013,Pending
Damaged box but product fine,6,ORD-40730,CUST-10133,2025-05-31,FedEx,PROD-11022,Escalated
Quick and smooth delivery,9,ORD-43691,CUST-10993,2025-03-23,FedEx,PROD-11395,Pending
Excellent service,6,ORD-41163,CUST-10545,2025-03-18,Delhivery,PROD-11332,Escalated
"On-time delivery, very satisfied",10,ORD-43789,CUST-10344,2025-04-11,UPS,PROD-11185,Resolved
Damaged box but product fine,2,ORD-44642,CUST-10771,2025-02-05,Delhivery,PROD-11655,Pending
Damaged box but product fine,7,ORD-44218,CUST-10879,2025-08-28,BlueDart,PROD-11281,Pending
Quick and smooth delivery,9,ORD-40538,CUST-10694,2025-07-17,Delhivery,PROD-11155,Escalated
Excellent service,7,ORD-43009,CUST-10016,2025-01-01,FedEx,PROD-11577,Pending
Excellent service,6,ORD-41607,CUST-10732,2025-07-10,Delhivery,PROD-11259,Resolved
Damaged box but product fine,7,ORD-43007,CUST-10913,2025-08-28,BlueDart,PROD-11709,Escalated
Excellent service,1,ORD-43441,CUST-10570,2025-05-12,DHL,PROD-11722,Pending
Excellent service,6,ORD-44521,CUST-10323,2025-07-28,BlueDart,PROD-11731,Pending
Damaged box but product fine,1,ORD-44611,CUST-10647,2025-04-22,BlueDart,PROD-11317,Resolved
"On-time delivery, very satisfied",10,ORD-40271,CUST-10783,2025-02-17,UPS,PROD-11121,Pending
Damaged box but product fine,6,ORD-44092,CUST-10091,2025-02-14,FedEx,PROD-11573,Resolved
Excellent service,9,ORD-42472,CUST-10255,2025-05-21,DHL,PROD-11013,Escalated
"On-time delivery, very satisfied",3,ORD-40699,CUST-10944,2025-04-06,BlueDart,PROD-11686,Resolved
Quick and smooth delivery,9,ORD-41314,CUST-10764,2025-02-14,DHL,PROD-11285,Pending
Damaged box but product fine,10,ORD-40346,CUST-10096,2025-03-12,Delhivery,PROD-11435,Pending
Quick and smooth delivery,4,ORD-44631,CUST-10159,2025-08-14,Delhivery,PROD-11728,Escalated
Package was delayed but support helped,8,ORD-41657,CUST-10274,2025-01-28,UPS,PROD-11800,Escalated
"On-time delivery, very satisfied",9,ORD-43998,CUST-10384,2025-02-19,FedEx,PROD-11404,Escalated
Damaged box but product fine,10,ORD-43618,CUST-10663,2025-06-11,Delhivery,PROD-11201,Pending
Quick and smooth delivery,6,ORD-40471,CUST-10395,2025-03-23,FedEx,PROD-11693,Pending
Package was delayed but support helped,3,ORD-43458,CUST-10351,2025-05-05,UPS,PROD-11218,Resolved
Damaged box but product fine,1,ORD-42725,CUST-10538,2025-04-24,FedEx,PROD-11459,Escalated
Package was delayed but support helped,2,ORD-44394,CUST-10759,2025-07-10,DHL,PROD-11799,Escalated
Quick and smooth delivery,4,ORD-43401,CUST-10581,2025-01-04,UPS,PROD-11949,Resolved
Package was delayed but support helped,5,ORD-44258,CUST-10010,2025-04-05,DHL,PROD-11512,Escalated
Excellent service,4,ORD-43043,CUST-10320,2025-02-21,UPS,PROD-11820,Escalated
Package was delayed but support helped,9,ORD-43379,CUST-10161,2025-01-04,Delhivery,PROD-11535,Pending
Package was delayed but support helped,4,ORD-40365,CUST-10416,2025-01-07,Delhivery,PROD-11709,Pending
"On-time delivery, very satisfied",10,ORD-40092,CUST-10349,2025-01-19,DHL,PROD-11869,Pending
"On-time delivery, very satisfied",10,ORD-42402,CUST-10054,2025-08-22,UPS,PROD-11224,Pending
Package was delayed but support helped,9,ORD-44627,CUST-10079,2025-06-18,UPS,PROD-11715,Resolved
"On-time delivery, very satisfied",8,ORD-42248,CUST-10815,2025-06-23,FedEx,PROD-11732,Pending
"On-time delivery, very satisfied",7,ORD-40240,CUST-10103,2025-08-24,FedEx,PROD-11896,Resolved
"On-time delivery, very satisfied",1,ORD-41812,CUST-10581,2025-04-14,DHL,PROD-11683,Resolved
Quick and smooth delivery,8,ORD-44934,CUST-10924,2025-04-07,BlueDart,PROD-11229,Escalated
"On-time delivery, very satisfied",1,ORD-43497,CUST-10321,2025-04-22,BlueDart,PROD-11222,Escalated
"On-time delivery, very satisfied",5,ORD-44054,CUST-10084,2025-01-10,DHL,PROD-11963,Escalated
Quick and smooth delivery,4,ORD-40250,CUST-10631,2025-03-01,UPS,PROD-11746,Pending
Excellent service,9,ORD-42117,CUST-10764,2025-05-02,Delhivery,PROD-11202,Pending
Damaged box but product fine,5,ORD-41205,CUST-10151,2025-06-22,Delhivery,PROD-11248,Pending
Package was delayed but support helped,3,ORD-40155,CUST-10497,2025-02-16,BlueDart,PROD-11968,Resolved
Damaged box but product fine,4,ORD-44162,CUST-10455,2025-01-03,BlueDart,PROD-11743,Escalated
"On-time delivery, very satisfied",4,ORD-42992,CUST-10919,2025-05-20,UPS,PROD-11383,Escalated
Excellent service,9,ORD-40421,CUST-10917,2025-07-21,DHL,PROD-11493,Escalated
Quick and smooth delivery,2,ORD-44058,CUST-10483,2025-01-24,Delhivery,PROD-11740,Pending
"On-time delivery, very satisfied",7,ORD-44365,CUST-10189,2025-03-27,Delhivery,PROD-11682,Pending
Package was delayed but support helped,9,ORD-44659,CUST-10160,2025-04-25,Delhivery,PROD-11525,Resolved
Excellent service,7,ORD-41035,CUST-10325,2025-06-13,Delhivery,PROD-11719,Pending
