Customer Name,Product Name,Cus ID,Renw ID,Od ID,Pr ID,Value ($),Quantity
Kelly Group,NetConnect,CUST-10474,REW-50001,ORD-43878,PROD-11231,4197,19
Baker Inc,NetConnect,CUST-10460,REW-50002,ORD-40364,PROD-11659,13348,93
Watson PLC,CoreAnalytics,CUST-10462,REW-50003,ORD-41219,PROD-11811,22789,43
"Snyder, Freeman and Costa",CoreAnalytics,CUST-10782,REW-50004,ORD-40205,PROD-11415,13735,60
Nguyen PLC,DataSphere,CUST-10317,REW-50005,ORD-40801,PROD-11509,22127,10
"Singh, Porter and Moore",CloudEdge,CUST-10529,REW-50006,ORD-41451,PROD-11961,5862,21
Myers LLC,CloudEdge,CUST-10051,REW-50007,ORD-42751,PROD-11766,12799,97
Dorsey-Edwards,NetConnect,CUST-10818,REW-50008,ORD-41377,PROD-11345,9089,88
Douglas PLC,CloudEdge,CUST-10372,REW-50009,ORD-42236,PROD-11906,22267,20
Morris PLC,Insight360,CUST-10263,REW-50010,ORD-44008,PROD-11588,19693,75
"Rosario, Reeves and Velez",NetConnect,CUST-10719,REW-50011,ORD-40646,PROD-11597,1385,51
Bryant-Lawson,CoreAnalytics,CUST-10325,REW-50012,ORD-40964,PROD-11892,8463,23
Elliott Ltd,Insight360,CUST-10745,REW-50013,ORD-40570,PROD-11881,20317,77
Roberts PLC,NetConnect,CUST-10294,REW-50014,ORD-44466,PROD-11659,11882,78
Camacho Inc,Insight360,CUST-10418,REW-50015,ORD-44626,PROD-11473,18718,17
"Garcia, Mcmillan and Chaney",Insight360,CUST-10115,REW-50016,ORD-44604,PROD-11873,10596,44
"Yang, Robinson and Ward",CoreAnalytics,CUST-10986,REW-50017,ORD-43443,PROD-11092,9325,89
"Garcia, Mcmillan and Chaney",CloudEdge,CUST-10640,REW-50018,ORD-44901,PROD-11069,15160,100
Perez PLC,CloudEdge,CUST-10685,REW-50019,ORD-43592,PROD-11825,15265,31
"White, Horton and Bender",DataSphere,CUST-10398,REW-50020,ORD-42496,PROD-11569,6309,33
"Gonzalez, Reed and Miller",CloudEdge,CUST-10268,REW-50021,ORD-42521,PROD-11462,21956,58
"Brooks, Ho and Carr",NetConnect,CUST-10290,REW-50022,ORD-44441,PROD-11925,8228,35
Morgan-Navarro,DataSphere,CUST-10312,REW-50023,ORD-40178,PROD-11296,23939,68
Kirby-Ford,CoreAnalytics,CUST-10142,REW-50024,ORD-44765,PROD-11685,2125,65
Giles-Gallagher,DataSphere,CUST-10805,REW-50025,ORD-42925,PROD-11004,8764,73
"Lewis, Cross and Huber",CloudEdge,CUST-10331,REW-50026,ORD-42280,PROD-11229,13260,67
Fischer Ltd,CoreAnalytics,CUST-10859,REW-50027,ORD-42508,PROD-11746,22994,79
Flores-Townsend,CloudEdge,CUST-10923,REW-50028,ORD-43729,PROD-11751,15959,60
"Spears, Decker and Chavez",CoreAnalytics,CUST-10572,REW-50029,ORD-41341,PROD-11345,9355,91
Williams and Sons,CloudEdge,CUST-10012,REW-50030,ORD-41585,PROD-11799,1247,70
"Cruz, Sullivan and Howard",Insight360,CUST-10918,REW-50031,ORD-42856,PROD-11188,24775,81
Glover Group,NetConnect,CUST-10710,REW-50032,ORD-40449,PROD-11570,3850,99
Robbins-Cole,Insight360,CUST-10273,REW-50033,ORD-43672,PROD-11929,21341,18
"Hall, Davis and Butler",NetConnect,CUST-10810,REW-50034,ORD-40138,PROD-11487,17140,19
Coffey Group,CoreAnalytics,CUST-10893,REW-50035,ORD-40681,PROD-11003,5969,59
Young Ltd,NetConnect,CUST-10921,REW-50036,ORD-41064,PROD-11381,19078,71
Wright Ltd,CoreAnalytics,CUST-10660,REW-50037,ORD-43585,PROD-11050,16683,97
Wright Ltd,CoreAnalytics,CUST-10092,REW-50038,ORD-43774,PROD-11058,12821,85
"Yang, Robinson and Ward",CoreAnalytics,CUST-10461,REW-50039,ORD-42398,PROD-11814,3924,67
"Brown, Lynch and Ritter",CloudEdge,CUST-10997,REW-50040,ORD-40631,PROD-11916,20218,7
"Carroll, Parsons and Romero",NetConnect,CUST-10872,REW-50041,ORD-40624,PROD-11177,24116,8
Martinez Ltd,CoreAnalytics,CUST-10666,REW-50042,ORD-41713,PROD-11887,22161,10
Allen Group,DataSphere,CUST-10481,REW-50043,ORD-43846,PROD-11665,18322,21
"Reed, Soto and Cooper",CoreAnalytics,CUST-10488,REW-50044,ORD-42410,PROD-11734,9544,68
Bennett-Costa,CloudEdge,CUST-10995,REW-50045,ORD-44762,PROD-11102,24879,64
Vaughan PLC,NetConnect,CUST-10449,REW-50046,ORD-41580,PROD-11741,16124,1
"Carroll, Parsons and Romero",CoreAnalytics,CUST-10572,REW-50047,ORD-40678,PROD-11591,17739,13
Palmer-Barrett,Insight360,CUST-10880,REW-50048,ORD-44730,PROD-11163,9256,76
"West, Evans and Gilbert",CloudEdge,CUST-10273,REW-50049,ORD-40759,PROD-11806,19941,28
"Clay, Schroeder and Rojas",CloudEdge,CUST-10748,REW-50050,ORD-44547,PROD-11301,2313,51
Mcintosh PLC,CoreAnalytics,CUST-10443,REW-50051,ORD-44189,PROD-11765,11528,15
Roman LLC,NetConnect,CUST-10221,REW-50052,ORD-43134,PROD-11475,21837,75
"Cabrera, Walker and Davenport",Insight360,CUST-10742,REW-50053,ORD-41689,PROD-11891,20350,15
Baker Inc,CoreAnalytics,CUST-10786,REW-50054,ORD-44892,PROD-11981,10143,38
Cortez-Greene,CoreAnalytics,CUST-10503,REW-50055,ORD-44843,PROD-11286,2142,2
Arroyo PLC,CoreAnalytics,CUST-10527,REW-50056,ORD-40936,PROD-11521,20247,73
Simpson Group,CloudEdge,CUST-10205,REW-50057,ORD-40720,PROD-11873,5658,87
Short Group,Insight360,CUST-10086,REW-50058,ORD-40306,PROD-11784,8917,60
"Johnson, Harrison and Farrell",DataSphere,CUST-10028,REW-50059,ORD-42020,PROD-11247,14797,60
"Zimmerman, Smith and Orr",Insight360,CUST-10094,REW-50060,ORD-41059,PROD-11806,22066,8
French Group,DataSphere,CUST-10885,REW-50061,ORD-41409,PROD-11168,10401,39
"Wolfe, Williams and Evans",CloudEdge,CUST-10519,REW-50062,ORD-41240,PROD-11765,24469,43
"Andrews, Roberts and King",NetConnect,CUST-10028,REW-50063,ORD-41644,PROD-11705,15229,29
Meyer-Frazier,NetConnect,CUST-10061,REW-50064,ORD-43130,PROD-11091,2817,85
"Franco, Davidson and Lopez",Insight360,CUST-10763,REW-50065,ORD-44083,PROD-11499,5122,86
"May, Molina and Ramirez",DataSphere,CUST-10690,REW-50066,ORD-44305,PROD-11479,15669,70
Stokes-Roberts,Insight360,CUST-10778,REW-50067,ORD-40600,PROD-11352,14163,2
Rogers LLC,NetConnect,CUST-10355,REW-50068,ORD-43738,PROD-11540,5152,90
Meyer-Frazier,DataSphere,CUST-10848,REW-50069,ORD-43198,PROD-11540,23752,30
Edwards-Day,NetConnect,CUST-10487,REW-50070,ORD-42837,PROD-11244,19610,13
Turner-Olson,CoreAnalytics,CUST-10736,REW-50071,ORD-42822,PROD-11597,10569,38
Williamson Group,Insight360,CUST-10712,REW-50072,ORD-41368,PROD-11865,15227,5
Buchanan and Sons,CoreAnalytics,CUST-10524,REW-50073,ORD-41836,PROD-11345,12860,32
Evans Ltd,DataSphere,CUST-10319,REW-50074,ORD-43144,PROD-11169,6059,7
"Hobbs, Carlson and Hughes",CloudEdge,CUST-10235,REW-50075,ORD-44557,PROD-11133,21763,57
"Benson, Bright and Sandoval",NetConnect,CUST-10692,REW-50076,ORD-41837,PROD-11840,21128,27
Matthews-Harris,Insight360,CUST-10633,REW-50077,ORD-43921,PROD-11894,20281,60
Carter-Mcintyre,DataSphere,CUST-10883,REW-50078,ORD-41028,PROD-11995,10255,40
"Jones, Holloway and Chan",CloudEdge,CUST-10885,REW-50079,ORD-44127,PROD-11899,11058,23
Ray Inc,CloudEdge,CUST-10801,REW-50080,ORD-41644,PROD-11397,24980,37
Williams-Cisneros,NetConnect,CUST-10369,REW-50081,ORD-44027,PROD-11547,14758,67
"Mueller, Swanson and Rogers",CloudEdge,CUST-10750,REW-50082,ORD-42281,PROD-11564,12839,78
Harris-Harris,CloudEdge,CUST-10212,REW-50083,ORD-43425,PROD-11654,8630,87
Price and Sons,CloudEdge,CUST-10061,REW-50084,ORD-41200,PROD-11286,10678,29
"Ramos, Young and Olson",CloudEdge,CUST-10640,REW-50085,ORD-42878,PROD-11826,3614,100
Williamson and Sons,CoreAnalytics,CUST-10538,REW-50086,ORD-42440,PROD-11998,9751,89
Conner Inc,CoreAnalytics,CUST-10840,REW-50087,ORD-42312,PROD-11619,23597,10
Harris-Reed,NetConnect,CUST-10116,REW-50088,ORD-41710,PROD-11868,6861,22
Simpson PLC,CloudEdge,CUST-10289,REW-50089,ORD-41018,PROD-11240,17532,95
"Roberson, Lewis and Mills",DataSphere,CUST-10253,REW-50090,ORD-42453,PROD-11778,19845,42
"Fernandez, Williams and Johnson",CloudEdge,CUST-10694,REW-50091,ORD-43851,PROD-11306,7642,100
Kennedy-Delgado,CoreAnalytics,CUST-10332,REW-50092,ORD-40957,PROD-11943,9843,98
Rogers and Sons,DataSphere,CUST-10941,REW-50093,ORD-40229,PROD-11823,17362,56
"Esparza, Peterson and Campbell",NetConnect,CUST-10366,REW-50094,ORD-43840,PROD-11706,8587,76
"Beasley, Mills and Vazquez",CloudEdge,CUST-10661,REW-50095,ORD-41313,PROD-11247,4836,51
Weaver PLC,NetConnect,CUST-10143,REW-50096,ORD-43037,PROD-11242,14275,62
Porter-Johnson,DataSphere,CUST-10485,REW-50097,ORD-42519,PROD-11888,9057,75
"Ashley, Garrett and Morrison",Insight360,CUST-10590,REW-50098,ORD-44856,PROD-11255,2388,57
Hamilton LLC,CoreAnalytics,CUST-10082,REW-50099,ORD-43219,PROD-11516,15680,90
Harris-Williams,CoreAnalytics,CUST-10287,REW-50100,ORD-41211,PROD-11561,15758,47
"Kelley, Martinez and Miranda",CoreAnalytics,CUST-10064,REW-50101,ORD-41545,PROD-11311,21564,17
"Douglas, Cook and Perez",Insight360,CUST-10635,REW-50102,ORD-41044,PROD-11515,11139,59
"Lopez, Cunningham and Wells",CoreAnalytics,CUST-10076,REW-50103,ORD-44780,PROD-11170,18524,55
Rogers-Miller,NetConnect,CUST-10624,REW-50104,ORD-44560,PROD-11635,3519,14
Drake-Parker,NetConnect,CUST-10802,REW-50105,ORD-42839,PROD-11264,2691,8
Sanders-Howard,DataSphere,CUST-10404,REW-50106,ORD-43912,PROD-11539,14731,52
"Weber, Lynch and Little",NetConnect,CUST-10747,REW-50107,ORD-44639,PROD-11123,13457,56
Castillo and Sons,CoreAnalytics,CUST-10499,REW-50108,ORD-44653,PROD-11143,5189,72
Fernandez LLC,NetConnect,CUST-10940,REW-50109,ORD-42971,PROD-11759,23024,43
Clark Ltd,NetConnect,CUST-10808,REW-50110,ORD-44637,PROD-11228,14565,83
Johnson and Sons,CloudEdge,CUST-10420,REW-50111,ORD-41118,PROD-11741,14783,98
"Stevens, Rodriguez and Long",DataSphere,CUST-10566,REW-50112,ORD-40448,PROD-11339,17667,58
Thompson Ltd,DataSphere,CUST-10412,REW-50113,ORD-41811,PROD-11100,10188,98
Willis Inc,NetConnect,CUST-10677,REW-50114,ORD-41255,PROD-11433,17618,59
Dixon and Sons,CloudEdge,CUST-10543,REW-50115,ORD-44997,PROD-11878,12702,86
Garrett-Harrell,Insight360,CUST-10877,REW-50116,ORD-41469,PROD-11676,5590,41
Fernandez LLC,CoreAnalytics,CUST-10848,REW-50117,ORD-42557,PROD-11520,2080,73
Harris-Walsh,NetConnect,CUST-10223,REW-50118,ORD-42672,PROD-11262,7598,35
"Hampton, Mcclain and Arroyo",DataSphere,CUST-10625,REW-50119,ORD-44703,PROD-11782,16854,85
Woodward-Davis,Insight360,CUST-10218,REW-50120,ORD-40379,PROD-11360,24169,4
Buckley LLC,CloudEdge,CUST-10320,REW-50121,ORD-41906,PROD-11315,7642,37
Gross Ltd,DataSphere,CUST-10720,REW-50122,ORD-41099,PROD-11336,13435,47
Evans Ltd,DataSphere,CUST-10893,REW-50123,ORD-40065,PROD-11717,9459,96
"Klein, Rodriguez and Chapman",DataSphere,CUST-10175,REW-50124,ORD-44925,PROD-11225,24587,81
Bryant-Lawson,CloudEdge,CUST-10859,REW-50125,ORD-41487,PROD-11996,13225,80
Perez PLC,Insight360,CUST-10094,REW-50126,ORD-43995,PROD-11426,11500,34
House-Ramirez,CloudEdge,CUST-10904,REW-50127,ORD-44117,PROD-11597,13334,58
"Williams, White and Boyd",CloudEdge,CUST-10958,REW-50128,ORD-43215,PROD-11377,11417,52
"Yang, Robinson and Ward",DataSphere,CUST-10158,REW-50129,ORD-43222,PROD-11457,23475,67
Myers Ltd,Insight360,CUST-10985,REW-50130,ORD-40738,PROD-11538,16464,96
Singh-Miller,CoreAnalytics,CUST-10238,REW-50131,ORD-43249,PROD-11589,3286,17
Mckenzie-Schroeder,CloudEdge,CUST-10460,REW-50132,ORD-42728,PROD-11479,4010,14
Frank-Hodge,CoreAnalytics,CUST-10902,REW-50133,ORD-41116,PROD-11548,15938,50
"Ramirez, Gates and Stephenson",Insight360,CUST-10016,REW-50134,ORD-44748,PROD-11982,11264,4
Coleman-Welch,DataSphere,CUST-10945,REW-50135,ORD-42302,PROD-11378,15057,100
King-Buchanan,CoreAnalytics,CUST-10932,REW-50136,ORD-43909,PROD-11159,4122,70
Ortiz Ltd,Insight360,CUST-10453,REW-50137,ORD-40217,PROD-11386,22063,71
"Hughes, Mills and Sullivan",CoreAnalytics,CUST-10032,REW-50138,ORD-41765,PROD-11982,10990,60
Chen-Stanton,DataSphere,CUST-10188,REW-50139,ORD-43977,PROD-11755,6666,50
Murray LLC,Insight360,CUST-10968,REW-50140,ORD-42132,PROD-11957,24235,33
"Nelson, Walker and Reyes",CoreAnalytics,CUST-10190,REW-50141,ORD-44990,PROD-11100,7480,78
"Hamilton, Wilson and Colon",NetConnect,CUST-10227,REW-50142,ORD-43707,PROD-11665,19011,30
"Garcia, Mcmillan and Chaney",DataSphere,CUST-10171,REW-50143,ORD-40561,PROD-11443,24567,62
Schultz-Cole,DataSphere,CUST-10660,REW-50144,ORD-44700,PROD-11116,19028,70
Rogers-Miller,CloudEdge,CUST-10768,REW-50145,ORD-42201,PROD-11227,2354,70
Walton-Hoover,DataSphere,CUST-10291,REW-50146,ORD-42709,PROD-11360,22095,1
"Curtis, Johnson and Kemp",Insight360,CUST-10867,REW-50147,ORD-41586,PROD-11350,5898,38
Kemp Inc,CoreAnalytics,CUST-10885,REW-50148,ORD-42376,PROD-11142,4358,32
Palmer-Barrett,CloudEdge,CUST-10237,REW-50149,ORD-40040,PROD-11553,13097,68
"Ross, Doyle and Burton",Insight360,CUST-10312,REW-50150,ORD-43841,PROD-11724,13518,74
"Jackson, Rosales and Hernandez",DataSphere,CUST-10152,REW-50151,ORD-43155,PROD-11355,1185,24
"Duarte, Reese and Gonzalez",Insight360,CUST-10074,REW-50152,ORD-41797,PROD-11049,6638,74
"Ross, Doyle and Burton",CloudEdge,CUST-10190,REW-50153,ORD-44479,PROD-11524,8352,53
Woodward-Davis,CloudEdge,CUST-10261,REW-50154,ORD-40872,PROD-11954,6135,65
Smith Group,Insight360,CUST-10198,REW-50155,ORD-41680,PROD-11558,16680,24
Singh-Miller,Insight360,CUST-10453,REW-50156,ORD-44793,PROD-11563,8608,60
Galloway-Crawford,Insight360,CUST-10312,REW-50157,ORD-40052,PROD-11064,17309,63
Wells LLC,CoreAnalytics,CUST-10645,REW-50158,ORD-44775,PROD-11348,15007,47
Williams Ltd,DataSphere,CUST-10241,REW-50159,ORD-44667,PROD-11026,3123,18
Scott-Meadows,Insight360,CUST-10107,REW-50160,ORD-44204,PROD-11943,6865,32
Schultz-Vargas,CloudEdge,CUST-10982,REW-50161,ORD-44716,PROD-11946,18299,41
"Stevens, Rodriguez and Long",NetConnect,CUST-10763,REW-50162,ORD-42166,PROD-11701,23728,60
Simpson-Ray,DataSphere,CUST-10099,REW-50163,ORD-42689,PROD-11743,10202,95
Sampson Group,Insight360,CUST-10440,REW-50164,ORD-42213,PROD-11917,5023,42
"Lewis, Cross and Huber",CoreAnalytics,CUST-10665,REW-50165,ORD-41842,PROD-11737,6018,100
Butler-Stewart,DataSphere,CUST-10900,REW-50166,ORD-42866,PROD-11691,4049,95
Benson Ltd,CoreAnalytics,CUST-10667,REW-50167,ORD-44287,PROD-11313,2052,66
Benson-Phillips,CloudEdge,CUST-10656,REW-50168,ORD-42235,PROD-11652,18718,32
Rodgers LLC,DataSphere,CUST-10110,REW-50169,ORD-42778,PROD-11298,10152,52
Mills Ltd,DataSphere,CUST-10187,REW-50170,ORD-41916,PROD-11614,11787,22
Santos Group,CoreAnalytics,CUST-10309,REW-50171,ORD-40463,PROD-11827,16758,75
Lopez-Duran,NetConnect,CUST-10872,REW-50172,ORD-44618,PROD-11610,16211,3
Goodwin-Fowler,DataSphere,CUST-10262,REW-50173,ORD-44050,PROD-11955,23723,4
Benson-Phillips,CloudEdge,CUST-10349,REW-50174,ORD-44515,PROD-11472,12999,60
Freeman-Hunt,CoreAnalytics,CUST-10486,REW-50175,ORD-41265,PROD-11568,8821,91
Bowman-Sanders,Insight360,CUST-10392,REW-50176,ORD-42503,PROD-11636,9768,55
"Wiley, Perez and Ruiz",NetConnect,CUST-10249,REW-50177,ORD-41964,PROD-11861,6418,85
"Ortiz, Perkins and May",Insight360,CUST-10019,REW-50178,ORD-40948,PROD-11737,18431,8
Foster-Kim,CloudEdge,CUST-10458,REW-50179,ORD-43915,PROD-11643,10758,21
"Robinson, Gamble and Palmer",Insight360,CUST-10015,REW-50180,ORD-41058,PROD-11284,10764,51
King-Buchanan,DataSphere,CUST-10160,REW-50181,ORD-41917,PROD-11608,5276,93
"Pruitt, Johnson and Hoffman",Insight360,CUST-10159,REW-50182,ORD-44255,PROD-11757,17401,65
"Goodwin, Williams and Kerr",Insight360,CUST-10029,REW-50183,ORD-44101,PROD-11961,6222,44
"Blair, Carey and Henderson",CloudEdge,CUST-10806,REW-50184,ORD-40208,PROD-11180,19681,17
"Glover, Jackson and Meyer",CloudEdge,CUST-10255,REW-50185,ORD-44237,PROD-11449,1726,94
Serrano-Smith,CoreAnalytics,CUST-10914,REW-50186,ORD-42534,PROD-11139,9753,37
Hensley Ltd,DataSphere,CUST-10919,REW-50187,ORD-41489,PROD-11204,11096,47
Andrade-Moore,CoreAnalytics,CUST-10299,REW-50188,ORD-44779,PROD-11071,24871,87
Grant-Lozano,Insight360,CUST-10980,REW-50189,ORD-41423,PROD-11488,8066,15
Watson-Small,Insight360,CUST-10010,REW-50190,ORD-43327,PROD-11931,1777,5
"Boyd, Woodward and Hicks",NetConnect,CUST-10597,REW-50191,ORD-44050,PROD-11527,9339,17
"Briggs, Bryant and Martin",DataSphere,CUST-10942,REW-50192,ORD-44375,PROD-11882,20785,20
"Castillo, Miller and Blackwell",CloudEdge,CUST-10894,REW-50193,ORD-42030,PROD-11854,18768,55
Barker-Fuentes,CoreAnalytics,CUST-10125,REW-50194,ORD-41986,PROD-11839,11604,96
"Carter, Hughes and Brooks",CloudEdge,CUST-10883,REW-50195,ORD-43970,PROD-11862,21302,57
"Ortiz, Perkins and May",NetConnect,CUST-10579,REW-50196,ORD-44592,PROD-11912,8911,41
"Wilson, Ramirez and Lester",NetConnect,CUST-10163,REW-50197,ORD-43695,PROD-11053,3755,30
Torres Ltd,NetConnect,CUST-10158,REW-50198,ORD-44829,PROD-11815,23057,85
Allen-Miller,CloudEdge,CUST-10553,REW-50199,ORD-41830,PROD-11359,23533,7
Allen-Fuller,CoreAnalytics,CUST-10343,REW-50200,ORD-43991,PROD-11880,2777,65
Gonzalez-Collins,DataSphere,CUST-10072,REW-50201,ORD-42179,PROD-11745,13906,19
Huff-Roach,DataSphere,CUST-10516,REW-50202,ORD-43972,PROD-11216,23692,19
"Rodriguez, Molina and Pena",CloudEdge,CUST-10871,REW-50203,ORD-41827,PROD-11720,21206,19
Mcdonald-Fernandez,CloudEdge,CUST-10267,REW-50204,ORD-40954,PROD-11077,3670,23
Andrade-Moore,CloudEdge,CUST-10721,REW-50205,ORD-40210,PROD-11300,3522,55
Moreno Inc,DataSphere,CUST-10148,REW-50206,ORD-43275,PROD-11513,5878,58
"Cohen, Williams and Mullins",CoreAnalytics,CUST-10282,REW-50207,ORD-43999,PROD-11248,9524,44
"Clark, Lozano and Jimenez",CloudEdge,CUST-10870,REW-50208,ORD-42361,PROD-11586,22261,39
Lawson-Holt,DataSphere,CUST-10835,REW-50209,ORD-42604,PROD-11419,9989,90
"Duarte, Reese and Gonzalez",CloudEdge,CUST-10391,REW-50210,ORD-40013,PROD-11104,22213,99
"Fernandez, Williams and Johnson",CloudEdge,CUST-10691,REW-50211,ORD-41385,PROD-11181,2303,76
"Brooks, Ho and Carr",NetConnect,CUST-10421,REW-50212,ORD-41165,PROD-11212,3525,19
Benson Group,DataSphere,CUST-10796,REW-50213,ORD-44368,PROD-11087,13424,96
Horton-Meyer,DataSphere,CUST-10039,REW-50214,ORD-40643,PROD-11520,11511,46
Henderson PLC,CloudEdge,CUST-10087,REW-50215,ORD-44192,PROD-11766,17151,92
Williams-Rose,DataSphere,CUST-10992,REW-50216,ORD-42615,PROD-11078,20305,88
"Adams, Osborne and Hall",CoreAnalytics,CUST-10762,REW-50217,ORD-41542,PROD-11934,20561,29
Howell-Lawson,DataSphere,CUST-10677,REW-50218,ORD-40491,PROD-11268,16108,62
Cantrell-Martinez,CloudEdge,CUST-10833,REW-50219,ORD-41706,PROD-11055,24428,46
"Miranda, Martin and Erickson",DataSphere,CUST-10122,REW-50220,ORD-40765,PROD-11239,24739,74
"Solis, Brown and Campbell",Insight360,CUST-10691,REW-50221,ORD-43839,PROD-11937,23661,79
Chang-Chen,NetConnect,CUST-10555,REW-50222,ORD-41189,PROD-11443,23338,2
King PLC,NetConnect,CUST-10925,REW-50223,ORD-43597,PROD-11213,17545,32
Brennan Group,CoreAnalytics,CUST-10212,REW-50224,ORD-40723,PROD-11096,12462,1
"Keith, Cisneros and Hendricks",DataSphere,CUST-10136,REW-50225,ORD-43671,PROD-11337,5670,64
Johnson and Sons,CloudEdge,CUST-10036,REW-50226,ORD-40998,PROD-11770,6292,69
"Hopkins, Erickson and Gilbert",NetConnect,CUST-10298,REW-50227,ORD-44510,PROD-11587,10947,94
Watkins-Freeman,Insight360,CUST-10572,REW-50228,ORD-44889,PROD-11163,22826,49
Johnson and Sons,DataSphere,CUST-10615,REW-50229,ORD-40730,PROD-11340,19058,83
Rose Inc,CloudEdge,CUST-10841,REW-50230,ORD-43826,PROD-11352,22486,50
Fisher PLC,NetConnect,CUST-10695,REW-50231,ORD-40637,PROD-11276,8596,36
Austin-Davies,DataSphere,CUST-10610,REW-50232,ORD-40497,PROD-11540,22506,54
Harris-Harris,NetConnect,CUST-10488,REW-50233,ORD-44989,PROD-11116,21834,69
Tran PLC,Insight360,CUST-10693,REW-50234,ORD-43101,PROD-11292,8020,91
"Graham, Patterson and Simmons",CloudEdge,CUST-10462,REW-50235,ORD-41632,PROD-11897,14057,58
Choi Ltd,Insight360,CUST-10017,REW-50236,ORD-40394,PROD-11392,21084,13
Serrano-Smith,CoreAnalytics,CUST-10680,REW-50237,ORD-42315,PROD-11528,7981,40
Foster-Kim,CloudEdge,CUST-10363,REW-50238,ORD-42538,PROD-11646,21488,55
Wilcox LLC,Insight360,CUST-10130,REW-50239,ORD-43677,PROD-11324,6963,6
Carter-Mcintyre,DataSphere,CUST-10264,REW-50240,ORD-43135,PROD-11320,21403,25
Reynolds-Woods,CloudEdge,CUST-10275,REW-50241,ORD-41762,PROD-11218,13190,63
"Lopez, Campbell and Smith",CloudEdge,CUST-10849,REW-50242,ORD-40973,PROD-11748,12702,60
"Colon, Moore and Lindsey",Insight360,CUST-10603,REW-50243,ORD-41730,PROD-11403,11765,58
"Morris, Cole and Flowers",Insight360,CUST-10488,REW-50244,ORD-42660,PROD-11955,11932,81
"Lewis, Johnson and Gilmore",Insight360,CUST-10048,REW-50245,ORD-42789,PROD-11342,9101,68
Rogers and Sons,DataSphere,CUST-10598,REW-50246,ORD-41772,PROD-11753,12771,44
Williams-Alexander,NetConnect,CUST-10396,REW-50247,ORD-42451,PROD-11462,23787,18
Key-Anderson,CoreAnalytics,CUST-10276,REW-50248,ORD-44073,PROD-11366,20808,72
Johnson-Chang,Insight360,CUST-10852,REW-50249,ORD-43957,PROD-11777,24567,56
"Robinson, Shaw and Acosta",NetConnect,CUST-10720,REW-50250,ORD-41340,PROD-11325,5455,14
Martin-Alvarado,CloudEdge,CUST-10352,REW-50251,ORD-43860,PROD-11332,5327,89
Harris-Walsh,CloudEdge,CUST-10765,REW-50252,ORD-42863,PROD-11360,12863,53
"Thomas, Arnold and Morris",Insight360,CUST-10969,REW-50253,ORD-43653,PROD-11669,3177,6
Mcmahon-Smith,CoreAnalytics,CUST-10679,REW-50254,ORD-44997,PROD-11252,8181,44
"Mueller, Swanson and Rogers",DataSphere,CUST-10365,REW-50255,ORD-44597,PROD-11791,13305,87
Nguyen PLC,DataSphere,CUST-10899,REW-50256,ORD-42961,PROD-11621,19831,86
Jackson-Cooper,NetConnect,CUST-10654,REW-50257,ORD-42936,PROD-11922,18017,60
"Wilson, Atkins and Reyes",Insight360,CUST-10617,REW-50258,ORD-40076,PROD-11080,4574,57
Williams and Sons,DataSphere,CUST-10928,REW-50259,ORD-42159,PROD-11898,22249,64
Ross LLC,Insight360,CUST-10906,REW-50260,ORD-40643,PROD-11163,22708,57
"Strickland, Johnson and Castillo",CloudEdge,CUST-10405,REW-50261,ORD-43774,PROD-11103,20284,48
Cobb-Marsh,CoreAnalytics,CUST-10074,REW-50262,ORD-43831,PROD-11477,11898,92
Morrison-Miller,NetConnect,CUST-10513,REW-50263,ORD-42171,PROD-11204,11649,16
"Gonzalez, Davis and Bonilla",CloudEdge,CUST-10981,REW-50264,ORD-43952,PROD-11111,12716,92
Page-Warner,CloudEdge,CUST-10521,REW-50265,ORD-44107,PROD-11369,20188,95
Walker-Mcdonald,CloudEdge,CUST-10785,REW-50266,ORD-42436,PROD-11505,1037,52
Smith-Bentley,Insight360,CUST-10888,REW-50267,ORD-41586,PROD-11167,16419,7
Vega Ltd,CloudEdge,CUST-10833,REW-50268,ORD-41118,PROD-11928,14172,59
Miller PLC,CoreAnalytics,CUST-10179,REW-50269,ORD-42731,PROD-11266,14737,36
Bailey LLC,CoreAnalytics,CUST-10304,REW-50270,ORD-44666,PROD-11833,23034,6
Peters-Garrett,CloudEdge,CUST-10331,REW-50271,ORD-42291,PROD-11408,1168,59
Clark Group,NetConnect,CUST-10823,REW-50272,ORD-40381,PROD-11301,13417,28
"Mueller, Swanson and Rogers",CoreAnalytics,CUST-10160,REW-50273,ORD-41370,PROD-11392,16768,27
Anderson Ltd,Insight360,CUST-10551,REW-50274,ORD-40427,PROD-11793,11038,35
Soto LLC,CoreAnalytics,CUST-10637,REW-50275,ORD-42667,PROD-11390,3271,51
Lewis-Patel,Insight360,CUST-10505,REW-50276,ORD-41595,PROD-11886,24987,66
"Lewis, Jones and Bailey",NetConnect,CUST-10536,REW-50277,ORD-41766,PROD-11393,9639,17
Hill-Brooks,CoreAnalytics,CUST-10038,REW-50278,ORD-40141,PROD-11917,4272,65
French Group,CoreAnalytics,CUST-10597,REW-50279,ORD-42114,PROD-11022,13524,61
Acosta-Matthews,DataSphere,CUST-10581,REW-50280,ORD-44976,PROD-11726,23262,50
Bishop-Salas,CoreAnalytics,CUST-10868,REW-50281,ORD-44476,PROD-11185,7267,72
Wilson Group,CloudEdge,CUST-10315,REW-50282,ORD-42334,PROD-11621,9726,17
Chandler Group,Insight360,CUST-10123,REW-50283,ORD-40139,PROD-11020,22672,52
Nelson LLC,NetConnect,CUST-10195,REW-50284,ORD-40731,PROD-11009,22403,37
Powell-Long,DataSphere,CUST-10308,REW-50285,ORD-41902,PROD-11250,8841,17
Moore-Smith,NetConnect,CUST-10162,REW-50286,ORD-41711,PROD-11050,22052,39
Heath-Hurst,NetConnect,CUST-10851,REW-50287,ORD-41911,PROD-11645,12726,86
Evans-Mora,NetConnect,CUST-10097,REW-50288,ORD-42840,PROD-11122,11389,98
Scott-Newman,DataSphere,CUST-10285,REW-50289,ORD-43028,PROD-11992,20418,24
Williams-Rose,DataSphere,CUST-10671,REW-50290,ORD-44895,PROD-11407,16165,93
Perkins-Turner,CloudEdge,CUST-10232,REW-50291,ORD-44476,PROD-11884,15844,8
Cline-Acevedo,Insight360,CUST-10629,REW-50292,ORD-43043,PROD-11629,14972,1
"Adams, Johnson and Davis",CoreAnalytics,CUST-10619,REW-50293,ORD-44088,PROD-11793,17353,32
Johnson-Fitzgerald,NetConnect,CUST-10734,REW-50294,ORD-42520,PROD-11148,18008,4
Allen PLC,DataSphere,CUST-10059,REW-50295,ORD-41790,PROD-11350,8080,71
Martin-Alvarado,CloudEdge,CUST-10072,REW-50296,ORD-44117,PROD-11963,13779,98
Johnson Group,DataSphere,CUST-10496,REW-50297,ORD-41329,PROD-11061,24200,43
Smith and Sons,Insight360,CUST-10599,REW-50298,ORD-43265,PROD-11762,7055,59
"Castillo, Miller and Blackwell",CoreAnalytics,CUST-10866,REW-50299,ORD-42974,PROD-11392,22354,85
"Baxter, Thomas and Cordova",CoreAnalytics,CUST-10290,REW-50300,ORD-42640,PROD-11671,22243,36
"Reynolds, Joyce and Mercer",Insight360,CUST-10143,REW-50301,ORD-41062,PROD-11251,8861,44
Riggs-Hawkins,CoreAnalytics,CUST-10797,REW-50302,ORD-44508,PROD-11084,13639,12
"Benson, Bright and Sandoval",CoreAnalytics,CUST-10457,REW-50303,ORD-43136,PROD-11307,3650,40
Parker PLC,NetConnect,CUST-10368,REW-50304,ORD-41929,PROD-11041,7646,44
Brown LLC,Insight360,CUST-10045,REW-50305,ORD-42220,PROD-11386,19671,18
Powell-Long,NetConnect,CUST-10152,REW-50306,ORD-43238,PROD-11611,11979,13
White-Strong,CoreAnalytics,CUST-10030,REW-50307,ORD-40681,PROD-11739,5384,17
Reed-James,CloudEdge,CUST-10121,REW-50308,ORD-41315,PROD-11253,5596,56
Wright-Shaw,CoreAnalytics,CUST-10836,REW-50309,ORD-43947,PROD-11547,16340,24
"Stewart, Moreno and Gray",Insight360,CUST-10527,REW-50310,ORD-41635,PROD-11362,4121,14
"Hampton, Mcclain and Arroyo",Insight360,CUST-10995,REW-50311,ORD-44501,PROD-11359,8810,56
"Miller, Whitaker and Joseph",NetConnect,CUST-10453,REW-50312,ORD-41081,PROD-11256,11520,26
Davis Group,CoreAnalytics,CUST-10302,REW-50313,ORD-44311,PROD-11021,14256,4
Rodriguez-Mcdonald,Insight360,CUST-10403,REW-50314,ORD-43642,PROD-11363,20151,69
Smith-Cruz,DataSphere,CUST-10962,REW-50315,ORD-40968,PROD-11603,22355,1
"Lopez, Campbell and Smith",NetConnect,CUST-10510,REW-50316,ORD-42678,PROD-11321,5586,13
Riggs-Hawkins,CoreAnalytics,CUST-10618,REW-50317,ORD-41394,PROD-11207,5240,74
Morrison-Miller,Insight360,CUST-10735,REW-50318,ORD-44448,PROD-11324,3254,74
"Lowe, Rosario and Garcia",DataSphere,CUST-10147,REW-50319,ORD-42533,PROD-11289,10649,17
Romero Ltd,Insight360,CUST-10303,REW-50320,ORD-43403,PROD-11761,11606,3
"Reeves, Harris and White",CloudEdge,CUST-10313,REW-50321,ORD-44529,PROD-11364,24834,13
"Watson, Ford and Wagner",NetConnect,CUST-10856,REW-50322,ORD-41061,PROD-11085,3668,50
Brooks-Bolton,NetConnect,CUST-10354,REW-50323,ORD-44626,PROD-11293,15225,29
Camacho Inc,CoreAnalytics,CUST-10956,REW-50324,ORD-41327,PROD-11953,1644,43
Rogers-Pugh,NetConnect,CUST-10502,REW-50325,ORD-42745,PROD-11467,23854,32
Townsend-Gould,Insight360,CUST-10866,REW-50326,ORD-40930,PROD-11781,3300,82
Moyer-Moyer,DataSphere,CUST-10708,REW-50327,ORD-43133,PROD-11081,22750,14
Guerrero Ltd,CoreAnalytics,CUST-10376,REW-50328,ORD-41508,PROD-11414,3494,29
Bryant-Lawson,NetConnect,CUST-10697,REW-50329,ORD-41911,PROD-11918,23946,77
Osborne-Clements,DataSphere,CUST-10271,REW-50330,ORD-40974,PROD-11082,3567,54
"Cole, Barron and Smith",Insight360,CUST-10232,REW-50331,ORD-44259,PROD-11934,20269,31
Anderson and Sons,NetConnect,CUST-10648,REW-50332,ORD-44587,PROD-12000,8492,5
Johnson and Sons,CloudEdge,CUST-10167,REW-50333,ORD-41200,PROD-11684,7015,13
"Aguirre, Schroeder and King",Insight360,CUST-10113,REW-50334,ORD-43675,PROD-11405,1762,92
"Jensen, Klein and Carter",CoreAnalytics,CUST-10197,REW-50335,ORD-43515,PROD-11417,13242,20
"Cooper, Swanson and Pierce",Insight360,CUST-10340,REW-50336,ORD-41650,PROD-11294,1719,44
Mcknight Group,CoreAnalytics,CUST-10509,REW-50337,ORD-40178,PROD-11310,4114,32
Santos Group,CloudEdge,CUST-10232,REW-50338,ORD-40666,PROD-11626,10849,16
"Holmes, Haley and Calhoun",CoreAnalytics,CUST-10226,REW-50339,ORD-44568,PROD-11377,18545,74
"Martinez, Carpenter and Green",Insight360,CUST-10334,REW-50340,ORD-41464,PROD-11769,23541,28
Lawson-Holt,Insight360,CUST-10072,REW-50341,ORD-41357,PROD-11095,7083,21
Norman Inc,NetConnect,CUST-10151,REW-50342,ORD-43800,PROD-11752,1716,4
Conner Inc,Insight360,CUST-10451,REW-50343,ORD-42590,PROD-11173,22556,33
"Carter, Turner and Wright",CoreAnalytics,CUST-10500,REW-50344,ORD-43364,PROD-11143,19554,68
"Freeman, Jones and Hall",CoreAnalytics,CUST-10412,REW-50345,ORD-42591,PROD-11440,5322,12
"Johnson, Holt and Williamson",CloudEdge,CUST-10257,REW-50346,ORD-43057,PROD-11965,10131,10
"Taylor, Thomas and Quinn",CoreAnalytics,CUST-10284,REW-50347,ORD-41867,PROD-11174,6089,87
Moore PLC,DataSphere,CUST-10227,REW-50348,ORD-40733,PROD-11826,15616,72
Miller-Perez,Insight360,CUST-10765,REW-50349,ORD-41594,PROD-11712,19078,18
"Blackwell, Odonnell and Mcdowell",NetConnect,CUST-10669,REW-50350,ORD-40439,PROD-11012,22089,31
Maynard-Johnson,NetConnect,CUST-10983,REW-50351,ORD-41972,PROD-11501,21816,34
Haas Ltd,DataSphere,CUST-10894,REW-50352,ORD-40944,PROD-11618,18555,100
Murray and Sons,CoreAnalytics,CUST-10908,REW-50353,ORD-42787,PROD-11051,8634,31
Smith Group,DataSphere,CUST-10004,REW-50354,ORD-43201,PROD-11885,12197,67
"Ryan, Murphy and Williamson",CloudEdge,CUST-10065,REW-50355,ORD-40438,PROD-11552,3499,82
"Burke, Ward and Gibson",CloudEdge,CUST-10256,REW-50356,ORD-42416,PROD-11707,23431,21
Waters Group,DataSphere,CUST-10696,REW-50357,ORD-44765,PROD-11011,1849,33
Mason Ltd,CloudEdge,CUST-10375,REW-50358,ORD-40495,PROD-11410,22857,77
Moss LLC,Insight360,CUST-10290,REW-50359,ORD-44722,PROD-11896,13504,69
Salinas-Wilson,CoreAnalytics,CUST-10106,REW-50360,ORD-44765,PROD-11195,16067,32
Riggs-Hawkins,CloudEdge,CUST-10149,REW-50361,ORD-42500,PROD-11626,18797,100
Chung-Harrington,DataSphere,CUST-10444,REW-50362,ORD-40445,PROD-11197,2609,45
Wilkins-Moore,Insight360,CUST-10460,REW-50363,ORD-43296,PROD-11456,19685,73
Jackson LLC,DataSphere,CUST-10687,REW-50364,ORD-41401,PROD-11573,4742,90
Bryant-Lawson,NetConnect,CUST-10081,REW-50365,ORD-40564,PROD-11425,4619,9
"Martin, Stevenson and Meadows",CloudEdge,CUST-10161,REW-50366,ORD-42329,PROD-11498,13505,74
Rodriguez Group,CloudEdge,CUST-10720,REW-50367,ORD-43121,PROD-11381,21969,12
Jackson-Fowler,CoreAnalytics,CUST-10346,REW-50368,ORD-42720,PROD-11229,8464,93
Thomas PLC,CoreAnalytics,CUST-10271,REW-50369,ORD-42915,PROD-11903,14230,83
Morgan-Navarro,Insight360,CUST-10389,REW-50370,ORD-44111,PROD-11098,13752,32
"Briggs, Bryant and Martin",Insight360,CUST-10354,REW-50371,ORD-43691,PROD-11202,23802,49
"Brooks, Ho and Carr",CloudEdge,CUST-10705,REW-50372,ORD-42803,PROD-11014,6580,55
"Goodwin, Williams and Kerr",CloudEdge,CUST-10016,REW-50373,ORD-41264,PROD-11086,8320,3
Ibarra Ltd,DataSphere,CUST-10768,REW-50374,ORD-40657,PROD-11083,7772,71
Cline-Acevedo,NetConnect,CUST-10589,REW-50375,ORD-40122,PROD-11701,8739,39
Harris-Brown,CoreAnalytics,CUST-10579,REW-50376,ORD-40869,PROD-11350,2121,2
Haas-Morgan,CloudEdge,CUST-10205,REW-50377,ORD-41660,PROD-11808,3947,35
Taylor-Hamilton,CloudEdge,CUST-10270,REW-50378,ORD-40203,PROD-11604,12413,62
"Richardson, Smith and Rodriguez",CoreAnalytics,CUST-10582,REW-50379,ORD-40431,PROD-11011,8136,9
Mccoy Inc,CoreAnalytics,CUST-10559,REW-50380,ORD-40902,PROD-11279,15303,9
Fernandez LLC,CloudEdge,CUST-10765,REW-50381,ORD-41352,PROD-11358,4808,1
"Adams, Johnson and Davis",CoreAnalytics,CUST-10099,REW-50382,ORD-42605,PROD-11075,18189,57
Castillo and Sons,NetConnect,CUST-10042,REW-50383,ORD-41799,PROD-11391,23333,84
"Taylor, Hickman and Gomez",CoreAnalytics,CUST-10047,REW-50384,ORD-40813,PROD-11407,12924,34
Mendoza-Singleton,CloudEdge,CUST-10239,REW-50385,ORD-41668,PROD-11234,6077,22
Moore-Evans,CloudEdge,CUST-10654,REW-50386,ORD-44894,PROD-11303,6625,3
Martinez-Hart,CoreAnalytics,CUST-10300,REW-50387,ORD-44029,PROD-11049,23387,92
"Duarte, Reese and Gonzalez",CloudEdge,CUST-10652,REW-50388,ORD-40236,PROD-11932,5654,46
Hansen-Gordon,Insight360,CUST-10044,REW-50389,ORD-43090,PROD-11693,13187,52
Wright Ltd,DataSphere,CUST-10024,REW-50390,ORD-42921,PROD-11316,1664,48
Morris-Mcclain,Insight360,CUST-10357,REW-50391,ORD-44622,PROD-11646,24909,64
Hodge Ltd,CoreAnalytics,CUST-10636,REW-50392,ORD-41294,PROD-11749,20266,15
Gomez-Wallace,CloudEdge,CUST-10795,REW-50393,ORD-42906,PROD-11973,7693,52
"Strickland, Johnson and Castillo",DataSphere,CUST-10113,REW-50394,ORD-44325,PROD-11757,16203,85
"Roberts, Thompson and Brown",Insight360,CUST-10225,REW-50395,ORD-44554,PROD-11407,23138,49
"Johnson, Harrison and Farrell",NetConnect,CUST-10708,REW-50396,ORD-40264,PROD-11805,24765,18
Haas Ltd,CloudEdge,CUST-10176,REW-50397,ORD-40665,PROD-11481,24165,33
Clark Ltd,CloudEdge,CUST-10150,REW-50398,ORD-40266,PROD-11876,24220,96
Smith-Morton,CloudEdge,CUST-10162,REW-50399,ORD-43282,PROD-11754,13350,85
"West, Evans and Gilbert",CoreAnalytics,CUST-10981,REW-50400,ORD-42665,PROD-11747,19468,7
"Everett, Ortiz and Smith",NetConnect,CUST-10544,REW-50401,ORD-42787,PROD-11249,6289,3
"Owens, Morrison and Clark",NetConnect,CUST-10442,REW-50402,ORD-44383,PROD-11653,8018,49
"Mcguire, Hines and Johnson",DataSphere,CUST-10106,REW-50403,ORD-44547,PROD-11726,23765,28
Moore Group,CoreAnalytics,CUST-10941,REW-50404,ORD-42755,PROD-11372,24947,40
Riley-Berry,Insight360,CUST-10353,REW-50405,ORD-44871,PROD-11172,11216,19
Foster-Kim,NetConnect,CUST-10285,REW-50406,ORD-41379,PROD-11813,20304,48
Carter and Sons,NetConnect,CUST-10193,REW-50407,ORD-40363,PROD-11594,3520,21
"James, Macias and Schneider",DataSphere,CUST-10690,REW-50408,ORD-44782,PROD-11386,20158,6
Chambers-Arnold,Insight360,CUST-10297,REW-50409,ORD-43256,PROD-11708,3774,48
"Holmes, Haley and Calhoun",CoreAnalytics,CUST-10769,REW-50410,ORD-43282,PROD-11503,3281,24
Andrade-Moore,CoreAnalytics,CUST-10668,REW-50411,ORD-42838,PROD-11862,8240,57
Schultz-Vargas,Insight360,CUST-10943,REW-50412,ORD-41382,PROD-11831,16306,55
Williamson Group,Insight360,CUST-10676,REW-50413,ORD-41778,PROD-11708,17239,44
Williamson and Sons,NetConnect,CUST-10766,REW-50414,ORD-42188,PROD-11199,11296,12
"Hess, Moreno and Miller",CloudEdge,CUST-10160,REW-50415,ORD-40793,PROD-11596,13763,78
"Lopez, Campbell and Smith",CloudEdge,CUST-10629,REW-50416,ORD-44738,PROD-11145,18396,77
"Keith, Cisneros and Hendricks",NetConnect,CUST-10306,REW-50417,ORD-43111,PROD-11680,11867,70
Hernandez-Vargas,CloudEdge,CUST-10993,REW-50418,ORD-42698,PROD-11388,22482,70
"Arellano, Lopez and Huerta",Insight360,CUST-10431,REW-50419,ORD-41691,PROD-11216,15460,72
Trujillo-Daniel,NetConnect,CUST-10837,REW-50420,ORD-43024,PROD-11745,17439,4
"Lowe, Rosario and Garcia",CloudEdge,CUST-10784,REW-50421,ORD-40699,PROD-11442,14261,85
"Santiago, Hall and Lara",DataSphere,CUST-10035,REW-50422,ORD-42060,PROD-11998,3644,50
"Santiago, Hall and Lara",Insight360,CUST-10467,REW-50423,ORD-42270,PROD-11888,8129,64
Harris-Walsh,DataSphere,CUST-10978,REW-50424,ORD-42990,PROD-11843,2775,82
Rogers and Sons,DataSphere,CUST-10936,REW-50425,ORD-43323,PROD-11483,8563,79
"Gray, Cooper and Dyer",CloudEdge,CUST-10932,REW-50426,ORD-42483,PROD-11748,1523,58
Fernandez LLC,DataSphere,CUST-10409,REW-50427,ORD-41549,PROD-11753,22833,83
"Gardner, Ford and Wells",CloudEdge,CUST-10838,REW-50428,ORD-44515,PROD-11714,17890,45
Santiago-Dominguez,DataSphere,CUST-10633,REW-50429,ORD-43522,PROD-11338,12831,66
Johnson PLC,DataSphere,CUST-10253,REW-50430,ORD-40246,PROD-11517,22783,32
"Anderson, Mcgee and Yang",DataSphere,CUST-10279,REW-50431,ORD-44838,PROD-11599,13589,44
Baker-Johnson,NetConnect,CUST-10122,REW-50432,ORD-41427,PROD-11139,15151,79
Simpson PLC,CoreAnalytics,CUST-10662,REW-50433,ORD-40994,PROD-11003,7807,36
Robinson-Medina,CoreAnalytics,CUST-10993,REW-50434,ORD-44719,PROD-11700,18819,23
English Group,CoreAnalytics,CUST-10183,REW-50435,ORD-43787,PROD-11409,20178,21
Davis-Lopez,Insight360,CUST-10540,REW-50436,ORD-43389,PROD-11998,18404,90
Johns Group,DataSphere,CUST-10609,REW-50437,ORD-42792,PROD-11202,9730,37
"Franklin, Rodriguez and Harris",CoreAnalytics,CUST-10780,REW-50438,ORD-43008,PROD-11280,1357,24
"Lopez, Snyder and Kaufman",DataSphere,CUST-10147,REW-50439,ORD-43646,PROD-11714,21920,47
"Evans, Olson and Allen",Insight360,CUST-10476,REW-50440,ORD-43830,PROD-11045,14935,3
"Ashley, Garrett and Morrison",CoreAnalytics,CUST-10978,REW-50441,ORD-43557,PROD-11448,15946,49
Berger Group,NetConnect,CUST-10542,REW-50442,ORD-40933,PROD-11301,12101,95
Norris-Riley,NetConnect,CUST-10073,REW-50443,ORD-43163,PROD-11867,16945,99
Patterson-Dennis,Insight360,CUST-10635,REW-50444,ORD-41216,PROD-11497,11257,20
"Everett, Ortiz and Smith",CloudEdge,CUST-10066,REW-50445,ORD-41848,PROD-11030,12907,23
Sandoval Group,DataSphere,CUST-10168,REW-50446,ORD-40945,PROD-11803,18637,36
"Fernandez, Williams and Johnson",DataSphere,CUST-10867,REW-50447,ORD-43597,PROD-11667,23059,55
"Ramos, Young and Olson",DataSphere,CUST-10086,REW-50448,ORD-41794,PROD-11074,9190,23
Wright Ltd,CoreAnalytics,CUST-10192,REW-50449,ORD-44504,PROD-11747,9530,89
Robinson-Medina,CoreAnalytics,CUST-10259,REW-50450,ORD-40995,PROD-11388,16375,59
Taylor Ltd,CoreAnalytics,CUST-10286,REW-50451,ORD-42292,PROD-11838,17210,40
"Morgan, Brooks and Rogers",Insight360,CUST-10446,REW-50452,ORD-43254,PROD-11571,7843,35
Brooks-Bolton,CoreAnalytics,CUST-10514,REW-50453,ORD-42489,PROD-11959,8835,62
King PLC,CloudEdge,CUST-10700,REW-50454,ORD-44915,PROD-11605,15684,76
"Meyers, King and Munoz",CoreAnalytics,CUST-10837,REW-50455,ORD-41123,PROD-11999,20762,72
Brown LLC,DataSphere,CUST-10463,REW-50456,ORD-41069,PROD-11268,7203,97
Waters Group,CoreAnalytics,CUST-10710,REW-50457,ORD-44689,PROD-11534,13905,4
Mcdonald-Fernandez,DataSphere,CUST-10904,REW-50458,ORD-43134,PROD-11629,19645,11
Arroyo PLC,Insight360,CUST-10188,REW-50459,ORD-40498,PROD-11164,15130,42
"Ramirez, Mitchell and Gray",CloudEdge,CUST-10247,REW-50460,ORD-40231,PROD-11796,18635,20
Ramos Inc,CoreAnalytics,CUST-10768,REW-50461,ORD-41665,PROD-11066,7753,92
Williams-Wolf,CoreAnalytics,CUST-10555,REW-50462,ORD-40540,PROD-11327,7917,22
Davis Group,DataSphere,CUST-10399,REW-50463,ORD-44904,PROD-11567,7415,49
Johnson-Chang,CloudEdge,CUST-10076,REW-50464,ORD-43069,PROD-12000,18027,95
Brooks-Bolton,NetConnect,CUST-10908,REW-50465,ORD-40451,PROD-11736,6571,95
Martinez LLC,DataSphere,CUST-10972,REW-50466,ORD-43044,PROD-11943,1907,22
"Zimmerman, Collins and Jackson",CloudEdge,CUST-10174,REW-50467,ORD-43853,PROD-11915,15552,83
Christensen-Fisher,CoreAnalytics,CUST-10472,REW-50468,ORD-42770,PROD-11376,16682,1
Bennett-Costa,CoreAnalytics,CUST-10603,REW-50469,ORD-42697,PROD-11973,16321,94
"Jackson, Johns and Duarte",CloudEdge,CUST-10110,REW-50470,ORD-43071,PROD-11812,19279,39
English Group,CloudEdge,CUST-10129,REW-50471,ORD-41162,PROD-11088,23451,2
"Richards, Ortega and David",CloudEdge,CUST-10277,REW-50472,ORD-40699,PROD-11286,14896,84
Johnson PLC,NetConnect,CUST-10656,REW-50473,ORD-41052,PROD-11736,3977,19
Dominguez-Farrell,NetConnect,CUST-10950,REW-50474,ORD-40663,PROD-11733,24608,49
Rodgers LLC,CoreAnalytics,CUST-10298,REW-50475,ORD-44222,PROD-11534,9982,97
"Rosario, Reeves and Velez",NetConnect,CUST-10490,REW-50476,ORD-44225,PROD-11138,21319,44
Cox-Owen,CoreAnalytics,CUST-10013,REW-50477,ORD-40248,PROD-11314,17848,93
"Mccann, Becker and Franklin",CoreAnalytics,CUST-10179,REW-50478,ORD-44890,PROD-11183,10857,29
Wilson-Maxwell,CoreAnalytics,CUST-10346,REW-50479,ORD-41804,PROD-11168,8461,41
"Williams, White and Boyd",NetConnect,CUST-10709,REW-50480,ORD-41422,PROD-11238,14776,91
Murray LLC,CoreAnalytics,CUST-10110,REW-50481,ORD-44534,PROD-11804,15988,53
Taylor Group,DataSphere,CUST-10193,REW-50482,ORD-42599,PROD-11514,22235,50
Barker PLC,CloudEdge,CUST-10109,REW-50483,ORD-41135,PROD-11652,8446,69
"Lowe, Rosario and Garcia",DataSphere,CUST-10815,REW-50484,ORD-44696,PROD-11248,4416,99
"Murphy, Thompson and Reese",NetConnect,CUST-10685,REW-50485,ORD-40007,PROD-11135,21104,94
"Taylor, Thomas and Quinn",DataSphere,CUST-10679,REW-50486,ORD-42050,PROD-11023,2799,99
Mitchell-Mendez,Insight360,CUST-10547,REW-50487,ORD-43112,PROD-11101,17390,67
"Keller, Nielsen and Martin",Insight360,CUST-10690,REW-50488,ORD-42897,PROD-11540,13567,39
Johns Group,Insight360,CUST-10617,REW-50489,ORD-43081,PROD-11331,7831,8
Brooks PLC,CloudEdge,CUST-10320,REW-50490,ORD-43952,PROD-11871,14530,70
Moreno Group,CoreAnalytics,CUST-10729,REW-50491,ORD-44468,PROD-11008,8229,53
Deleon Group,NetConnect,CUST-10688,REW-50492,ORD-40673,PROD-11390,17961,61
Huff-Smith,CoreAnalytics,CUST-10014,REW-50493,ORD-44630,PROD-11925,12772,5
Andrade-Moore,CoreAnalytics,CUST-10086,REW-50494,ORD-44754,PROD-11569,12673,7
Silva PLC,CloudEdge,CUST-10893,REW-50495,ORD-41271,PROD-11108,3295,90
"Miller, Hardy and Watkins",DataSphere,CUST-10595,REW-50496,ORD-41176,PROD-11256,22519,93
Boyle-Mack,DataSphere,CUST-10080,REW-50497,ORD-44587,PROD-11418,2307,20
Murray LLC,CoreAnalytics,CUST-10094,REW-50498,ORD-43914,PROD-11182,7057,62
"Gallagher, Daniel and Valenzuela",Insight360,CUST-10604,REW-50499,ORD-41171,PROD-11611,14294,6
Lane-Garner,DataSphere,CUST-10541,REW-50500,ORD-43395,PROD-11199,21075,84
Cruz PLC,Insight360,CUST-10504,REW-50501,ORD-40523,PROD-11030,1907,39
"James, Macias and Schneider",CloudEdge,CUST-10108,REW-50502,ORD-43818,PROD-11568,4775,31
Nunez and Sons,Insight360,CUST-10561,REW-50503,ORD-40047,PROD-11176,7051,75
"Meyers, King and Munoz",Insight360,CUST-10579,REW-50504,ORD-43794,PROD-11886,9696,10
Moore LLC,CoreAnalytics,CUST-10503,REW-50505,ORD-40746,PROD-11370,3149,68
"Li, Davis and Thomas",NetConnect,CUST-10795,REW-50506,ORD-42426,PROD-11994,21458,55
"Bartlett, Ross and Reynolds",Insight360,CUST-10378,REW-50507,ORD-43138,PROD-11984,5867,100
Scott-Newman,Insight360,CUST-10374,REW-50508,ORD-42463,PROD-11857,1336,24
Nunez and Sons,CloudEdge,CUST-10488,REW-50509,ORD-43959,PROD-11019,22466,9
Sandoval Group,NetConnect,CUST-10609,REW-50510,ORD-42175,PROD-11091,17315,47
Wright Ltd,CoreAnalytics,CUST-10994,REW-50511,ORD-42551,PROD-11409,20609,39
Powell-Benitez,CoreAnalytics,CUST-10019,REW-50512,ORD-43353,PROD-11338,5099,20
"Hopkins, Erickson and Gilbert",NetConnect,CUST-10181,REW-50513,ORD-43486,PROD-11514,17075,42
Benitez and Sons,DataSphere,CUST-10425,REW-50514,ORD-44632,PROD-11025,13440,31
Morales Ltd,CloudEdge,CUST-10351,REW-50515,ORD-44970,PROD-11325,9033,43
"Sanchez, Price and Johnston",CoreAnalytics,CUST-10703,REW-50516,ORD-40776,PROD-11694,2706,47
Padilla-Wang,DataSphere,CUST-10387,REW-50517,ORD-40508,PROD-11161,1756,80
"Le, Murray and Reid",NetConnect,CUST-10869,REW-50518,ORD-40074,PROD-11885,1298,29
Abbott-Anderson,CloudEdge,CUST-10564,REW-50519,ORD-40783,PROD-11928,1498,57
Evans LLC,Insight360,CUST-10808,REW-50520,ORD-44814,PROD-11830,3398,93
Lindsey LLC,CoreAnalytics,CUST-10359,REW-50521,ORD-43321,PROD-11538,11254,54
Wolf Group,DataSphere,CUST-10460,REW-50522,ORD-41890,PROD-11643,2773,71
Turner-Olson,CoreAnalytics,CUST-10542,REW-50523,ORD-43185,PROD-11680,5153,50
Sanchez-Graham,Insight360,CUST-10622,REW-50524,ORD-40373,PROD-11625,19110,5
"Colon, Moore and Lindsey",DataSphere,CUST-10932,REW-50525,ORD-44310,PROD-11559,22065,71
Bush Inc,CoreAnalytics,CUST-10302,REW-50526,ORD-44436,PROD-11142,4553,56
Willis Inc,DataSphere,CUST-10349,REW-50527,ORD-40717,PROD-11856,5783,15
"Huang, Collins and Santos",CoreAnalytics,CUST-10985,REW-50528,ORD-44973,PROD-11250,2142,71
Dunn-Anderson,CloudEdge,CUST-10759,REW-50529,ORD-40203,PROD-11242,20777,70
Underwood Group,CoreAnalytics,CUST-10119,REW-50530,ORD-42362,PROD-11858,5217,36
Brown-Carroll,DataSphere,CUST-10504,REW-50531,ORD-41840,PROD-11442,7029,57
"Lewis, Morse and Nielsen",Insight360,CUST-10067,REW-50532,ORD-42652,PROD-11245,4580,52
Christensen Ltd,Insight360,CUST-10732,REW-50533,ORD-43421,PROD-11663,13773,71
Weaver-Graves,NetConnect,CUST-10528,REW-50534,ORD-41713,PROD-11117,5265,64
"Leblanc, Thompson and Sullivan",Insight360,CUST-10629,REW-50535,ORD-43742,PROD-11902,10783,11
Logan-Smith,NetConnect,CUST-10583,REW-50536,ORD-41410,PROD-11473,19655,27
"Allen, Johnson and Bates",CloudEdge,CUST-10504,REW-50537,ORD-41552,PROD-11915,1620,26
Simpson Group,CoreAnalytics,CUST-10218,REW-50538,ORD-40194,PROD-11646,22686,58
Mccoy Inc,CloudEdge,CUST-10914,REW-50539,ORD-42562,PROD-11812,20666,71
Butler-Stewart,NetConnect,CUST-10886,REW-50540,ORD-40604,PROD-11502,2874,7
Davis-Doyle,CloudEdge,CUST-10508,REW-50541,ORD-41044,PROD-11211,13930,98
Simmons Ltd,Insight360,CUST-10498,REW-50542,ORD-43990,PROD-11103,23834,43
"Torres, Walls and Orozco",CloudEdge,CUST-10865,REW-50543,ORD-40129,PROD-11958,5601,71
Griffith Ltd,CoreAnalytics,CUST-10436,REW-50544,ORD-40405,PROD-11973,24552,2
Bailey LLC,NetConnect,CUST-10134,REW-50545,ORD-42766,PROD-11289,17344,3
Wu-Nguyen,CoreAnalytics,CUST-10109,REW-50546,ORD-41381,PROD-11896,15498,72
Benson-Allison,CoreAnalytics,CUST-10990,REW-50547,ORD-43359,PROD-11892,10084,48
Randall Inc,CloudEdge,CUST-10157,REW-50548,ORD-40778,PROD-11232,12548,80
"Ross, Doyle and Burton",CloudEdge,CUST-10385,REW-50549,ORD-40251,PROD-11196,22497,37
Hall-Murray,CoreAnalytics,CUST-10748,REW-50550,ORD-42855,PROD-11929,3329,37
Pope-Hopkins,CloudEdge,CUST-10439,REW-50551,ORD-44772,PROD-11887,12722,74
"Brown, Lynch and Ritter",NetConnect,CUST-10268,REW-50552,ORD-41843,PROD-11623,5376,83
Peters-Garrett,CloudEdge,CUST-10708,REW-50553,ORD-42348,PROD-11796,23096,48
Chandler Group,CloudEdge,CUST-10460,REW-50554,ORD-43736,PROD-11046,22446,9
Benitez and Sons,Insight360,CUST-10673,REW-50555,ORD-43035,PROD-11014,5937,94
Bryant-Lawson,Insight360,CUST-10773,REW-50556,ORD-41668,PROD-11415,23691,40
Taylor-Hamilton,CloudEdge,CUST-10336,REW-50557,ORD-40421,PROD-11966,10151,89
"Rivera, Mclaughlin and Wilson",DataSphere,CUST-10174,REW-50558,ORD-42832,PROD-11709,21920,16
Patton and Sons,NetConnect,CUST-10376,REW-50559,ORD-42657,PROD-11678,17219,22
"Wilkins, Odom and Harvey",NetConnect,CUST-10125,REW-50560,ORD-44438,PROD-11640,24336,1
Padilla-Wang,CloudEdge,CUST-10544,REW-50561,ORD-43957,PROD-11338,22338,25
"Murphy, Sanchez and Perez",CoreAnalytics,CUST-10232,REW-50562,ORD-44411,PROD-11052,7613,12
Lee-Mueller,NetConnect,CUST-10143,REW-50563,ORD-44173,PROD-11229,15152,74
Barnes PLC,Insight360,CUST-10035,REW-50564,ORD-40764,PROD-11836,6350,8
"Reynolds, Joyce and Mercer",CoreAnalytics,CUST-10448,REW-50565,ORD-41056,PROD-11605,19200,24
Singh-Miller,CoreAnalytics,CUST-10146,REW-50566,ORD-42129,PROD-11114,13336,61
Jackson-Sherman,CoreAnalytics,CUST-10284,REW-50567,ORD-41096,PROD-11214,17195,98
Humphrey and Sons,DataSphere,CUST-10331,REW-50568,ORD-44048,PROD-11036,23920,1
"Schneider, Brown and Ellison",CloudEdge,CUST-10594,REW-50569,ORD-43543,PROD-11476,7173,42
Powell-Long,Insight360,CUST-10953,REW-50570,ORD-42034,PROD-11068,1347,91
"Riley, Pena and Wells",CoreAnalytics,CUST-10984,REW-50571,ORD-42842,PROD-11547,12060,97
Cannon-Calhoun,CoreAnalytics,CUST-10472,REW-50572,ORD-43800,PROD-11335,8117,68
"Thomas, Smith and Cook",CloudEdge,CUST-10714,REW-50573,ORD-44607,PROD-11306,4138,72
Conner Inc,NetConnect,CUST-10710,REW-50574,ORD-41859,PROD-11227,7301,2
Mcintosh Inc,CloudEdge,CUST-10006,REW-50575,ORD-42254,PROD-11931,15616,98
"Sanford, Williams and Hunt",Insight360,CUST-10232,REW-50576,ORD-40285,PROD-11599,14985,45
"Krueger, Johnson and Barnes",CoreAnalytics,CUST-10608,REW-50577,ORD-42722,PROD-11183,14575,15
"Weber, Lynch and Little",NetConnect,CUST-10253,REW-50578,ORD-43523,PROD-11941,19064,76
Simpson PLC,CoreAnalytics,CUST-10834,REW-50579,ORD-40967,PROD-11406,19202,84
Meyer-Frazier,Insight360,CUST-10986,REW-50580,ORD-43762,PROD-11332,2949,33
Snyder-Chang,DataSphere,CUST-10413,REW-50581,ORD-43657,PROD-11477,13808,16
Martin Inc,DataSphere,CUST-10608,REW-50582,ORD-40057,PROD-11217,23294,54
Whitney-Hernandez,Insight360,CUST-10246,REW-50583,ORD-40332,PROD-11557,10866,77
Powell-Benitez,DataSphere,CUST-10931,REW-50584,ORD-40296,PROD-11546,9977,58
Johnson PLC,CloudEdge,CUST-10042,REW-50585,ORD-44463,PROD-11987,22886,35
Smith Group,DataSphere,CUST-10507,REW-50586,ORD-44744,PROD-11181,14595,30
Horn-Owen,Insight360,CUST-10339,REW-50587,ORD-42104,PROD-11215,4995,76
Johnson Group,CloudEdge,CUST-10988,REW-50588,ORD-42689,PROD-11915,8419,87
"Ingram, Bush and Adams",DataSphere,CUST-10675,REW-50589,ORD-41790,PROD-11930,19233,66
Lopez-Duran,DataSphere,CUST-10718,REW-50590,ORD-44441,PROD-11357,24331,35
Chavez-Hernandez,CloudEdge,CUST-10596,REW-50591,ORD-40664,PROD-11220,11539,100
Henderson PLC,Insight360,CUST-10859,REW-50592,ORD-41478,PROD-11987,6160,18
Austin-Davies,Insight360,CUST-10762,REW-50593,ORD-40499,PROD-11003,14317,51
Reyes-Kim,DataSphere,CUST-10067,REW-50594,ORD-44171,PROD-11263,20232,80
"West, Johnson and Becker",Insight360,CUST-10048,REW-50595,ORD-43239,PROD-11004,11897,3
Smith Group,CoreAnalytics,CUST-10236,REW-50596,ORD-42541,PROD-11014,19226,1
"Martinez, Carpenter and Green",CloudEdge,CUST-10599,REW-50597,ORD-44437,PROD-11211,19643,62
"Harris, Lewis and Chavez",CoreAnalytics,CUST-10359,REW-50598,ORD-43267,PROD-11713,23474,48
"Contreras, Williams and Valdez",CoreAnalytics,CUST-10053,REW-50599,ORD-41284,PROD-11091,18279,53
"Jackson, Foster and Parker",CoreAnalytics,CUST-10383,REW-50600,ORD-44243,PROD-11169,19315,96
Anderson-Moss,Insight360,CUST-10220,REW-50601,ORD-42681,PROD-11516,21037,24
Bryant-Lawson,CoreAnalytics,CUST-10618,REW-50602,ORD-41248,PROD-11025,23150,77
"Ramirez, Lee and Rodriguez",DataSphere,CUST-10273,REW-50603,ORD-42212,PROD-11406,5178,75
Gross Inc,DataSphere,CUST-10768,REW-50604,ORD-44039,PROD-11987,22361,49
"Yang, Robinson and Ward",CoreAnalytics,CUST-10587,REW-50605,ORD-42117,PROD-11930,18923,81
Ellison-Coleman,DataSphere,CUST-10208,REW-50606,ORD-41134,PROD-11002,23019,82
Santiago-Vasquez,NetConnect,CUST-10111,REW-50607,ORD-41398,PROD-11561,6948,41
Foster-Blair,CloudEdge,CUST-10901,REW-50608,ORD-42473,PROD-11807,18976,38
Grant-Lozano,NetConnect,CUST-10473,REW-50609,ORD-41801,PROD-11966,18120,91
Bishop-Salas,CoreAnalytics,CUST-10852,REW-50610,ORD-44844,PROD-11978,4586,20
Howell-Lawson,DataSphere,CUST-10689,REW-50611,ORD-40965,PROD-11250,12465,76
Foster-Kim,DataSphere,CUST-10945,REW-50612,ORD-40697,PROD-11779,16048,45
Fisher PLC,NetConnect,CUST-10654,REW-50613,ORD-43162,PROD-11961,2792,99
Benson Group,CloudEdge,CUST-10500,REW-50614,ORD-42766,PROD-11746,13793,42
Carroll Inc,DataSphere,CUST-10149,REW-50615,ORD-40715,PROD-11444,8370,58
Castillo and Sons,NetConnect,CUST-10849,REW-50616,ORD-40465,PROD-11464,10363,76
Jones-Mays,Insight360,CUST-10949,REW-50617,ORD-40533,PROD-11520,4392,55
Park PLC,CoreAnalytics,CUST-10099,REW-50618,ORD-42475,PROD-11773,17283,15
Barker PLC,CloudEdge,CUST-10037,REW-50619,ORD-42280,PROD-11384,22165,34
Cruz-Martinez,CloudEdge,CUST-10041,REW-50620,ORD-40795,PROD-11302,5185,83
Anderson Ltd,NetConnect,CUST-10627,REW-50621,ORD-41999,PROD-11387,18522,27
Scott-Meadows,CoreAnalytics,CUST-10699,REW-50622,ORD-44677,PROD-11427,6892,36
Bailey Group,Insight360,CUST-10784,REW-50623,ORD-40057,PROD-11088,13728,55
Smith-Grant,CloudEdge,CUST-10378,REW-50624,ORD-43565,PROD-11543,5183,98
Jackson-Sherman,Insight360,CUST-10866,REW-50625,ORD-40317,PROD-11437,8028,27
Conner Inc,Insight360,CUST-10625,REW-50626,ORD-41965,PROD-11210,21997,44
Mcintosh PLC,CloudEdge,CUST-10306,REW-50627,ORD-43584,PROD-11945,7333,11
Hubbard Group,CloudEdge,CUST-10782,REW-50628,ORD-40512,PROD-11228,21270,28
Dixon and Sons,DataSphere,CUST-10666,REW-50629,ORD-41411,PROD-11142,21873,73
Clements-Maynard,DataSphere,CUST-10931,REW-50630,ORD-42189,PROD-11007,22525,81
"Richardson, Price and Lyons",Insight360,CUST-10526,REW-50631,ORD-42796,PROD-11226,19198,63
Kidd Ltd,Insight360,CUST-10004,REW-50632,ORD-44935,PROD-11750,12110,45
"Campbell, Bennett and Carrillo",CloudEdge,CUST-10258,REW-50633,ORD-41794,PROD-11500,11899,93
"Hernandez, White and Burgess",NetConnect,CUST-10762,REW-50634,ORD-43521,PROD-11195,18438,22
Miller-Knight,NetConnect,CUST-10456,REW-50635,ORD-40329,PROD-11958,8103,13
Hardy Group,NetConnect,CUST-10266,REW-50636,ORD-42798,PROD-11285,16587,73
White LLC,NetConnect,CUST-10186,REW-50637,ORD-40623,PROD-11313,17974,70
"Mcclain, Roberts and Wright",CoreAnalytics,CUST-10338,REW-50638,ORD-41369,PROD-11005,24193,25
"Bowman, Davis and Cox",CoreAnalytics,CUST-10812,REW-50639,ORD-43254,PROD-11107,18315,51
Murray and Sons,DataSphere,CUST-10122,REW-50640,ORD-42832,PROD-11442,7616,60
Martinez Ltd,NetConnect,CUST-10776,REW-50641,ORD-44140,PROD-11194,17030,30
Villegas LLC,Insight360,CUST-10342,REW-50642,ORD-42568,PROD-11221,11913,60
Mcdaniel Inc,Insight360,CUST-10414,REW-50643,ORD-43475,PROD-11295,17420,55
Myers Ltd,Insight360,CUST-10895,REW-50644,ORD-42805,PROD-11103,10627,97
Ward PLC,Insight360,CUST-10411,REW-50645,ORD-40381,PROD-11771,9155,27
"Williams, Anderson and Rosales",Insight360,CUST-10069,REW-50646,ORD-44443,PROD-11601,10509,89
Miller-Perez,CloudEdge,CUST-10313,REW-50647,ORD-42382,PROD-11258,1640,41
Chavez-Lopez,NetConnect,CUST-10050,REW-50648,ORD-44954,PROD-11398,1731,1
Hall and Sons,CoreAnalytics,CUST-10022,REW-50649,ORD-44969,PROD-11084,24110,4
Baker LLC,CloudEdge,CUST-10494,REW-50650,ORD-43263,PROD-11802,4932,92
Johns Group,CloudEdge,CUST-10020,REW-50651,ORD-40760,PROD-11856,3263,97
Garcia-Anderson,CloudEdge,CUST-10543,REW-50652,ORD-42221,PROD-11115,12508,48
"Douglas, Hill and Hancock",NetConnect,CUST-10108,REW-50653,ORD-42884,PROD-11011,6776,35
Mcknight Group,CoreAnalytics,CUST-10013,REW-50654,ORD-42016,PROD-11554,10502,21
Sampson Group,DataSphere,CUST-10596,REW-50655,ORD-44202,PROD-11677,6504,20
"Stein, Randolph and Carter",NetConnect,CUST-10137,REW-50656,ORD-44701,PROD-11977,14678,34
"Castillo, Miller and Blackwell",CloudEdge,CUST-10051,REW-50657,ORD-42198,PROD-11480,5698,86
Webster Ltd,Insight360,CUST-10491,REW-50658,ORD-41107,PROD-11852,4174,36
Hart LLC,CoreAnalytics,CUST-10681,REW-50659,ORD-40724,PROD-11295,23966,3
"Johnson, Holt and Williamson",NetConnect,CUST-10575,REW-50660,ORD-40928,PROD-11850,19386,27
Santiago-Vasquez,Insight360,CUST-10133,REW-50661,ORD-41864,PROD-11700,7783,72
Lindsey LLC,NetConnect,CUST-10315,REW-50662,ORD-42243,PROD-11172,12768,46
Chan Ltd,Insight360,CUST-10719,REW-50663,ORD-44636,PROD-11482,21609,46
"Williams, Anderson and Rosales",NetConnect,CUST-10583,REW-50664,ORD-41749,PROD-11079,24758,87
"Gallagher, Daniel and Valenzuela",DataSphere,CUST-10537,REW-50665,ORD-41013,PROD-11661,15564,13
Mcintosh Inc,Insight360,CUST-10313,REW-50666,ORD-42243,PROD-11101,6099,3
Webb Group,CloudEdge,CUST-10354,REW-50667,ORD-42386,PROD-11076,15827,12
"Moore, Hansen and Lewis",CloudEdge,CUST-10438,REW-50668,ORD-44374,PROD-11133,16939,52
"West, Johnson and Becker",Insight360,CUST-10671,REW-50669,ORD-41646,PROD-11494,20902,100
"Burke, Ward and Gibson",CloudEdge,CUST-10841,REW-50670,ORD-42967,PROD-11312,6665,65
Allen Group,Insight360,CUST-10290,REW-50671,ORD-43131,PROD-11880,22900,89
Davis-Tucker,NetConnect,CUST-10701,REW-50672,ORD-40237,PROD-11470,8110,11
Smith Group,CoreAnalytics,CUST-10094,REW-50673,ORD-43787,PROD-11243,6018,88
Bush Inc,CoreAnalytics,CUST-10169,REW-50674,ORD-42620,PROD-11884,16166,57
Wilson PLC,Insight360,CUST-10379,REW-50675,ORD-44800,PROD-11548,11122,3
"Poole, Sutton and King",Insight360,CUST-10464,REW-50676,ORD-41058,PROD-11786,6049,95
Vaughan PLC,CloudEdge,CUST-10898,REW-50677,ORD-42092,PROD-11375,8032,59
Clark-Wall,Insight360,CUST-10747,REW-50678,ORD-42665,PROD-11610,23821,38
"Garcia, Bennett and Larson",CloudEdge,CUST-10228,REW-50679,ORD-42939,PROD-11699,5626,73
"Glover, Jackson and Meyer",DataSphere,CUST-10761,REW-50680,ORD-44178,PROD-11874,10000,3
"Howe, Drake and Robinson",CloudEdge,CUST-10936,REW-50681,ORD-40198,PROD-11551,24696,73
"Cole, Barron and Smith",CoreAnalytics,CUST-10720,REW-50682,ORD-41853,PROD-11010,10989,73
Kidd Ltd,NetConnect,CUST-10468,REW-50683,ORD-43139,PROD-11189,4738,46
Brennan-Hill,CoreAnalytics,CUST-10057,REW-50684,ORD-41122,PROD-11538,4548,18
"Stephens, Smith and Ballard",CoreAnalytics,CUST-10853,REW-50685,ORD-44094,PROD-11411,23491,20
Blake and Sons,NetConnect,CUST-10900,REW-50686,ORD-43534,PROD-11414,20081,27
"Patel, Roberts and Hall",CloudEdge,CUST-10254,REW-50687,ORD-42276,PROD-11729,14785,82
Cortez-Greene,NetConnect,CUST-10965,REW-50688,ORD-42098,PROD-11350,24375,44
"Gonzalez, Reed and Miller",DataSphere,CUST-10836,REW-50689,ORD-44430,PROD-11277,20357,26
Berry-Bates,CoreAnalytics,CUST-10827,REW-50690,ORD-41171,PROD-11441,18416,13
Sanchez and Sons,CoreAnalytics,CUST-10202,REW-50691,ORD-41019,PROD-11847,5013,44
"Howard, Morris and Patterson",DataSphere,CUST-10789,REW-50692,ORD-42117,PROD-11311,18244,86
"Hampton, Mcclain and Arroyo",DataSphere,CUST-10810,REW-50693,ORD-40755,PROD-11768,12166,48
"Duarte, Reese and Gonzalez",NetConnect,CUST-10222,REW-50694,ORD-41038,PROD-11084,7709,39
"Padilla, Spears and Baker",Insight360,CUST-10684,REW-50695,ORD-41354,PROD-11771,5709,58
"Peterson, Wright and Hamilton",CoreAnalytics,CUST-10307,REW-50696,ORD-42797,PROD-11351,5825,50
"Raymond, Lara and Daniel",DataSphere,CUST-10475,REW-50697,ORD-44218,PROD-11340,1149,21
James-Carter,DataSphere,CUST-10623,REW-50698,ORD-41344,PROD-11190,5870,85
"Jones, Martinez and Evans",CloudEdge,CUST-10450,REW-50699,ORD-42799,PROD-11128,14198,67
Gonzalez-Collins,CoreAnalytics,CUST-10932,REW-50700,ORD-40243,PROD-11724,10403,79
Brown-Mora,Insight360,CUST-10642,REW-50701,ORD-42317,PROD-11302,18832,79
Booth-Morris,Insight360,CUST-10810,REW-50702,ORD-44552,PROD-11162,17362,79
"Wong, Hamilton and Smith",DataSphere,CUST-10468,REW-50703,ORD-42933,PROD-11932,22071,74
Jimenez-Gaines,CoreAnalytics,CUST-10040,REW-50704,ORD-43863,PROD-11122,24423,15
Lopez-Duran,Insight360,CUST-10988,REW-50705,ORD-42952,PROD-11567,23066,38
"Cole, Barron and Smith",NetConnect,CUST-10702,REW-50706,ORD-43579,PROD-11613,1917,3
Gardner Inc,Insight360,CUST-10383,REW-50707,ORD-43071,PROD-11667,20030,27
"Jackson, Rosales and Hernandez",CoreAnalytics,CUST-10367,REW-50708,ORD-41702,PROD-11242,22821,63
Davis PLC,CloudEdge,CUST-10564,REW-50709,ORD-41021,PROD-11603,17504,91
"Ingram, Bush and Adams",CoreAnalytics,CUST-10950,REW-50710,ORD-42651,PROD-11587,16104,44
Salinas-Wilson,DataSphere,CUST-10599,REW-50711,ORD-40783,PROD-11027,16592,56
"Murphy, Thompson and Reese",DataSphere,CUST-10664,REW-50712,ORD-41667,PROD-11813,5487,58
"Torres, Hutchinson and Bailey",NetConnect,CUST-10329,REW-50713,ORD-42662,PROD-11841,12872,99
Doyle and Sons,NetConnect,CUST-10754,REW-50714,ORD-42174,PROD-11326,13631,23
Black Ltd,CoreAnalytics,CUST-10938,REW-50715,ORD-44276,PROD-11987,5875,56
"Clark, Smith and Anderson",CloudEdge,CUST-10958,REW-50716,ORD-41694,PROD-11313,15017,38
Hardin Inc,NetConnect,CUST-10543,REW-50717,ORD-40769,PROD-11865,9725,16
Harris-Williams,Insight360,CUST-10830,REW-50718,ORD-44861,PROD-11902,6568,73
"Keller, Nielsen and Martin",CloudEdge,CUST-10334,REW-50719,ORD-42322,PROD-11442,7915,22
Douglas PLC,CloudEdge,CUST-10088,REW-50720,ORD-44909,PROD-11038,18884,55
Schneider and Sons,NetConnect,CUST-10058,REW-50721,ORD-41293,PROD-11325,20120,51
Haas Ltd,CoreAnalytics,CUST-10228,REW-50722,ORD-40579,PROD-11386,7376,57
Williams-Rose,NetConnect,CUST-10658,REW-50723,ORD-41527,PROD-11466,17933,98
Wu-Nguyen,CoreAnalytics,CUST-10650,REW-50724,ORD-43633,PROD-11381,13024,22
Anderson Ltd,Insight360,CUST-10077,REW-50725,ORD-43398,PROD-11192,13087,2
Wright-Shaw,NetConnect,CUST-10502,REW-50726,ORD-40027,PROD-11460,17821,49
Diaz-Atkinson,CloudEdge,CUST-10941,REW-50727,ORD-41888,PROD-11609,21909,90
"Cortez, Kramer and Graham",Insight360,CUST-10850,REW-50728,ORD-42582,PROD-11795,11155,1
Cannon-Calhoun,CoreAnalytics,CUST-10743,REW-50729,ORD-42516,PROD-11677,4697,34
Galloway-Crawford,CloudEdge,CUST-10995,REW-50730,ORD-44220,PROD-11266,18534,25
Ward PLC,Insight360,CUST-10531,REW-50731,ORD-44666,PROD-11876,3295,39
Gonzalez-Walker,CloudEdge,CUST-10306,REW-50732,ORD-40331,PROD-11412,22417,5
"Anderson, Herrera and Welch",NetConnect,CUST-10833,REW-50733,ORD-41524,PROD-11084,13735,78
Garcia-Anderson,CoreAnalytics,CUST-10049,REW-50734,ORD-40157,PROD-11531,4181,99
"Ramirez, Mitchell and Gray",DataSphere,CUST-10027,REW-50735,ORD-42869,PROD-11676,18838,27
Rodriguez Group,CloudEdge,CUST-10171,REW-50736,ORD-40400,PROD-11566,18375,99
Thompson-Johnson,CloudEdge,CUST-10133,REW-50737,ORD-41778,PROD-11383,13864,98
Black Ltd,CloudEdge,CUST-10496,REW-50738,ORD-41351,PROD-11742,10325,53
Jackson-Vasquez,CloudEdge,CUST-10294,REW-50739,ORD-44238,PROD-11250,14358,75
Smith and Sons,CloudEdge,CUST-10824,REW-50740,ORD-42007,PROD-11359,12807,29
Johnson and Sons,DataSphere,CUST-10521,REW-50741,ORD-40810,PROD-11648,12049,20
Moyer-Moyer,NetConnect,CUST-10275,REW-50742,ORD-43708,PROD-11350,13138,83
Vaughan PLC,Insight360,CUST-10840,REW-50743,ORD-43947,PROD-11557,9249,17
Kennedy-Delgado,CoreAnalytics,CUST-10392,REW-50744,ORD-43710,PROD-11904,8185,2
"Raymond, Lara and Daniel",CloudEdge,CUST-10751,REW-50745,ORD-44286,PROD-11073,13667,100
Martinez-Clark,CoreAnalytics,CUST-10254,REW-50746,ORD-40612,PROD-11905,3262,8
"Johnson, Ortega and Solomon",NetConnect,CUST-10342,REW-50747,ORD-43008,PROD-11083,21880,44
Davis-Lopez,CoreAnalytics,CUST-10177,REW-50748,ORD-44699,PROD-11442,17889,11
Young Ltd,NetConnect,CUST-10688,REW-50749,ORD-42749,PROD-11360,14053,36
"Ward, Cruz and Ward",NetConnect,CUST-10652,REW-50750,ORD-44538,PROD-11279,12991,14
Simpson-Peterson,CloudEdge,CUST-10253,REW-50751,ORD-43657,PROD-11853,8107,100
"Jones, Martinez and Evans",CoreAnalytics,CUST-10468,REW-50752,ORD-41298,PROD-11776,11869,22
Durham-Cantu,Insight360,CUST-10405,REW-50753,ORD-41774,PROD-11868,9613,68
"Williams, Anderson and Rosales",CoreAnalytics,CUST-10443,REW-50754,ORD-42900,PROD-11156,17977,3
Page-Watkins,CoreAnalytics,CUST-10447,REW-50755,ORD-40623,PROD-11619,15151,78
Simmons Ltd,CoreAnalytics,CUST-10143,REW-50756,ORD-42746,PROD-11321,6898,54
Clark Group,CloudEdge,CUST-10622,REW-50757,ORD-42502,PROD-11991,17097,46
Lee-Mueller,Insight360,CUST-10900,REW-50758,ORD-43345,PROD-11744,12573,98
Humphrey and Sons,CloudEdge,CUST-10017,REW-50759,ORD-42325,PROD-11647,16702,39
Kidd Ltd,CloudEdge,CUST-10299,REW-50760,ORD-43391,PROD-11829,5680,39
Taylor Inc,CloudEdge,CUST-10224,REW-50761,ORD-40136,PROD-11373,5696,98
Sampson Group,DataSphere,CUST-10014,REW-50762,ORD-44547,PROD-11554,19036,24
Thompson Ltd,Insight360,CUST-10151,REW-50763,ORD-41120,PROD-11274,23344,98
Murray-Johnson,NetConnect,CUST-10246,REW-50764,ORD-42249,PROD-11471,15095,78
"Richards, Campbell and Ryan",CloudEdge,CUST-10468,REW-50765,ORD-43176,PROD-11146,10332,43
"Williams, Peterson and Green",CoreAnalytics,CUST-10127,REW-50766,ORD-43010,PROD-11168,11812,69
Jackson-Fowler,Insight360,CUST-10146,REW-50767,ORD-40947,PROD-11302,11271,70
Kelly Group,CoreAnalytics,CUST-10501,REW-50768,ORD-42560,PROD-11698,3098,40
"Johns, Moore and Williams",CloudEdge,CUST-10838,REW-50769,ORD-40834,PROD-11550,12184,6
"Clark, Ramirez and Chambers",CoreAnalytics,CUST-10179,REW-50770,ORD-44234,PROD-11842,3287,56
Patton and Sons,DataSphere,CUST-10294,REW-50771,ORD-41163,PROD-11021,11171,92
Snyder-Chang,CloudEdge,CUST-10211,REW-50772,ORD-43716,PROD-11518,7755,53
Sanchez-Graham,CoreAnalytics,CUST-10152,REW-50773,ORD-41633,PROD-11834,4180,1
Murray-Johnson,Insight360,CUST-10030,REW-50774,ORD-42364,PROD-11761,13936,47
Jimenez-Gaines,CloudEdge,CUST-10398,REW-50775,ORD-44333,PROD-11797,8816,1
Frazier-Goodman,DataSphere,CUST-10855,REW-50776,ORD-43946,PROD-11869,9714,74
Gross Ltd,CloudEdge,CUST-10918,REW-50777,ORD-43878,PROD-11500,3952,57
Kent-Logan,DataSphere,CUST-10716,REW-50778,ORD-44433,PROD-11796,1396,90
Anderson Ltd,CloudEdge,CUST-10992,REW-50779,ORD-42372,PROD-11684,3628,96
Simpson-Peterson,CoreAnalytics,CUST-10026,REW-50780,ORD-44969,PROD-11548,10151,52
"Leblanc, Thompson and Sullivan",DataSphere,CUST-10119,REW-50781,ORD-40082,PROD-11453,22868,71
"Scott, Perez and Cohen",Insight360,CUST-10969,REW-50782,ORD-43023,PROD-11807,15193,44
Combs and Sons,CoreAnalytics,CUST-10857,REW-50783,ORD-44050,PROD-11976,24143,35
Johnson-Young,NetConnect,CUST-10840,REW-50784,ORD-41010,PROD-11275,21849,5
"Wilson, Mcclure and Wright",NetConnect,CUST-10111,REW-50785,ORD-42450,PROD-11852,24471,96
Haas-Morgan,CloudEdge,CUST-10330,REW-50786,ORD-43884,PROD-11356,19061,42
Jackson-Fowler,CoreAnalytics,CUST-10701,REW-50787,ORD-44387,PROD-11544,9950,74
Taylor and Sons,CoreAnalytics,CUST-10403,REW-50788,ORD-40988,PROD-11414,7565,41
"Fox, Johns and Deleon",Insight360,CUST-10339,REW-50789,ORD-41082,PROD-11460,6751,11
Moore PLC,Insight360,CUST-10874,REW-50790,ORD-42751,PROD-11764,16185,80
Moore PLC,CoreAnalytics,CUST-10250,REW-50791,ORD-42936,PROD-11029,19102,1
Mccoy Inc,Insight360,CUST-10490,REW-50792,ORD-42351,PROD-11015,24377,89
"Mcguire, Hines and Johnson",Insight360,CUST-10007,REW-50793,ORD-41110,PROD-11848,22349,24
Griffin-Neal,CoreAnalytics,CUST-10166,REW-50794,ORD-43323,PROD-11813,5331,73
Reed-Scott,DataSphere,CUST-10123,REW-50795,ORD-40748,PROD-11198,10362,21
Webb Group,Insight360,CUST-10118,REW-50796,ORD-42303,PROD-11883,4388,33
"Smith, Adams and Lee",CloudEdge,CUST-10674,REW-50797,ORD-43143,PROD-11702,1279,85
Ramos-Hernandez,CoreAnalytics,CUST-10353,REW-50798,ORD-40406,PROD-11359,24403,80
"Allen, Johnson and Bates",DataSphere,CUST-10134,REW-50799,ORD-43197,PROD-11596,10399,99
Humphrey and Sons,NetConnect,CUST-10277,REW-50800,ORD-43047,PROD-11227,1209,57
Price and Sons,CoreAnalytics,CUST-10957,REW-50801,ORD-42956,PROD-11917,10822,95
"Allen, Johnson and Bates",CloudEdge,CUST-10470,REW-50802,ORD-44035,PROD-11650,2609,28
Booth-Morris,Insight360,CUST-10075,REW-50803,ORD-40677,PROD-11334,12428,97
Reyes-Kim,NetConnect,CUST-10686,REW-50804,ORD-42423,PROD-11062,5294,63
Smith and Sons,Insight360,CUST-10804,REW-50805,ORD-43686,PROD-11395,18201,22
Shaw-Perez,CloudEdge,CUST-10951,REW-50806,ORD-40835,PROD-11529,8680,76
Wood LLC,Insight360,CUST-10784,REW-50807,ORD-41927,PROD-11527,12484,65
"Baldwin, Brown and Walters",CloudEdge,CUST-10245,REW-50808,ORD-44393,PROD-11155,17407,9
Williams Ltd,CloudEdge,CUST-10827,REW-50809,ORD-42705,PROD-11257,6320,9
Hill-Brooks,NetConnect,CUST-10561,REW-50810,ORD-42521,PROD-11162,17119,1
"Richards, Campbell and Ryan",Insight360,CUST-10225,REW-50811,ORD-41181,PROD-11975,24881,79
Solis Inc,CloudEdge,CUST-10143,REW-50812,ORD-44498,PROD-11948,16570,16
Rose Inc,NetConnect,CUST-10380,REW-50813,ORD-43783,PROD-11072,15387,48
"Nelson, Young and Dyer",NetConnect,CUST-10393,REW-50814,ORD-41895,PROD-11997,5914,35
"Kelley, Martinez and Miranda",CloudEdge,CUST-10702,REW-50815,ORD-43761,PROD-11048,6076,59
"Mcclain, Roberts and Wright",NetConnect,CUST-10100,REW-50816,ORD-43474,PROD-11877,12040,95
Simmons Ltd,NetConnect,CUST-10763,REW-50817,ORD-40088,PROD-11852,16401,29
"Le, Murray and Reid",DataSphere,CUST-10554,REW-50818,ORD-43968,PROD-11931,13506,21
"Morgan, Brooks and Rogers",DataSphere,CUST-10156,REW-50819,ORD-42170,PROD-11864,23365,56
"Lopez, Bowen and Brown",CloudEdge,CUST-10695,REW-50820,ORD-43970,PROD-11516,18172,19
Roberts PLC,NetConnect,CUST-10051,REW-50821,ORD-42070,PROD-11758,18123,95
"Cain, Davis and Pratt",CoreAnalytics,CUST-10781,REW-50822,ORD-44523,PROD-11137,14521,97
Smith-Bentley,CoreAnalytics,CUST-10154,REW-50823,ORD-44851,PROD-11587,22363,30
Richardson Group,Insight360,CUST-10360,REW-50824,ORD-41287,PROD-11946,19865,64
Davis-Doyle,Insight360,CUST-10791,REW-50825,ORD-44845,PROD-11779,21133,92
Gonzalez Group,CloudEdge,CUST-10504,REW-50826,ORD-41591,PROD-11886,13016,79
Rogers and Sons,NetConnect,CUST-10509,REW-50827,ORD-43788,PROD-11266,5674,78
"May, Molina and Ramirez",NetConnect,CUST-10013,REW-50828,ORD-40281,PROD-11235,4683,56
"Evans, Williams and Simpson",Insight360,CUST-10935,REW-50829,ORD-40421,PROD-11248,19884,92
"Vincent, Russell and Joseph",NetConnect,CUST-10425,REW-50830,ORD-42439,PROD-11831,2653,10
"Miranda, Martin and Erickson",NetConnect,CUST-10478,REW-50831,ORD-40024,PROD-11787,6350,45
Hamilton LLC,CoreAnalytics,CUST-10573,REW-50832,ORD-44073,PROD-11803,8896,62
"Hopkins, Erickson and Gilbert",CoreAnalytics,CUST-10823,REW-50833,ORD-40438,PROD-11421,24125,8
Randall Inc,Insight360,CUST-10215,REW-50834,ORD-40651,PROD-11594,13835,79
Bryant Group,NetConnect,CUST-10739,REW-50835,ORD-43948,PROD-11795,9089,75
Rodgers LLC,NetConnect,CUST-10917,REW-50836,ORD-40755,PROD-11056,3566,19
"Johnson, Holt and Williamson",Insight360,CUST-10475,REW-50837,ORD-40700,PROD-11830,23396,51
Fisher LLC,CloudEdge,CUST-10765,REW-50838,ORD-41230,PROD-11194,4618,10
Chambers-Arnold,DataSphere,CUST-10016,REW-50839,ORD-40888,PROD-11531,19869,41
Hall-Murray,Insight360,CUST-10250,REW-50840,ORD-42660,PROD-11989,21780,83
"Ramirez, Lee and Rodriguez",CloudEdge,CUST-10700,REW-50841,ORD-42777,PROD-11749,22117,100
Trujillo-Walker,Insight360,CUST-10357,REW-50842,ORD-43242,PROD-11518,8152,78
"Miller, Hardy and Watkins",CoreAnalytics,CUST-10635,REW-50843,ORD-42784,PROD-11891,16902,54
Mcdonald-Fernandez,CloudEdge,CUST-10623,REW-50844,ORD-42514,PROD-11489,16265,73
"Anderson, Wilson and Fitzpatrick",CloudEdge,CUST-10709,REW-50845,ORD-43605,PROD-11451,18110,55
Chambers-Arnold,Insight360,CUST-10599,REW-50846,ORD-42116,PROD-11709,7275,40
Lee-Perez,CoreAnalytics,CUST-10512,REW-50847,ORD-40342,PROD-11442,11204,56
Cannon-Calhoun,CoreAnalytics,CUST-10064,REW-50848,ORD-44779,PROD-11516,14009,46
"Mueller, Swanson and Rogers",NetConnect,CUST-10910,REW-50849,ORD-44587,PROD-11620,3228,4
Powers LLC,CoreAnalytics,CUST-10170,REW-50850,ORD-44528,PROD-11827,15120,47
Robinson-Warner,DataSphere,CUST-10078,REW-50851,ORD-40935,PROD-11183,22852,39
"Bush, Carter and Ramsey",CloudEdge,CUST-10686,REW-50852,ORD-43756,PROD-11921,16927,89
Buchanan and Sons,DataSphere,CUST-10720,REW-50853,ORD-43274,PROD-11517,6859,99
Bartlett PLC,Insight360,CUST-10002,REW-50854,ORD-42805,PROD-11381,9977,81
Carter-Mcintyre,NetConnect,CUST-10096,REW-50855,ORD-44273,PROD-11291,18334,42
Hernandez Inc,Insight360,CUST-10183,REW-50856,ORD-41341,PROD-11798,24156,65
"Erickson, Jones and Reyes",NetConnect,CUST-10466,REW-50857,ORD-44309,PROD-11277,10604,71
"Morris, Cole and Flowers",Insight360,CUST-10970,REW-50858,ORD-41369,PROD-11533,23942,15
Brown-Lowe,Insight360,CUST-10814,REW-50859,ORD-44455,PROD-11374,5807,67
Gutierrez LLC,Insight360,CUST-10743,REW-50860,ORD-41791,PROD-11912,5938,89
Williams-Rose,NetConnect,CUST-10530,REW-50861,ORD-40632,PROD-11598,19357,27
Gray-Davis,CloudEdge,CUST-10160,REW-50862,ORD-42141,PROD-11281,11355,98
Morris-Mcclain,Insight360,CUST-10916,REW-50863,ORD-41448,PROD-11422,12545,25
Davis-Lopez,NetConnect,CUST-10739,REW-50864,ORD-41349,PROD-11959,5473,6
Fisher PLC,CoreAnalytics,CUST-10254,REW-50865,ORD-41483,PROD-11554,16811,33
"Kelly, Yu and Juarez",DataSphere,CUST-10859,REW-50866,ORD-40700,PROD-11699,18298,65
Ortiz Ltd,CloudEdge,CUST-10441,REW-50867,ORD-41752,PROD-11716,9780,13
Anderson and Sons,NetConnect,CUST-10670,REW-50868,ORD-43959,PROD-11450,3916,41
Santana Group,CloudEdge,CUST-10753,REW-50869,ORD-43084,PROD-11997,18320,28
Chavez-Lopez,NetConnect,CUST-10644,REW-50870,ORD-42629,PROD-11100,5792,57
"Cole, Barron and Smith",CloudEdge,CUST-10436,REW-50871,ORD-41664,PROD-11052,14353,85
"Hess, Moreno and Miller",NetConnect,CUST-10343,REW-50872,ORD-44930,PROD-11031,3874,4
Richardson Group,CoreAnalytics,CUST-10738,REW-50873,ORD-40261,PROD-11948,13991,24
Brennan Group,NetConnect,CUST-10880,REW-50874,ORD-43346,PROD-11627,6906,46
Ross LLC,NetConnect,CUST-10202,REW-50875,ORD-41704,PROD-11337,9713,37
Griffith LLC,CloudEdge,CUST-10900,REW-50876,ORD-41436,PROD-11887,24925,45
"Cain, Davis and Pratt",CloudEdge,CUST-10555,REW-50877,ORD-43304,PROD-11713,1591,54
Lozano-Smith,DataSphere,CUST-10396,REW-50878,ORD-40178,PROD-11595,13342,75
"Lopez, Bowen and Brown",DataSphere,CUST-10436,REW-50879,ORD-40914,PROD-11687,8398,99
"Miranda, Lee and Orozco",NetConnect,CUST-10145,REW-50880,ORD-43935,PROD-11801,12097,19
Logan-Smith,CloudEdge,CUST-10142,REW-50881,ORD-43266,PROD-11896,13777,92
Ramirez-Alvarado,NetConnect,CUST-10365,REW-50882,ORD-44940,PROD-11857,18507,53
Martin Inc,Insight360,CUST-10956,REW-50883,ORD-41842,PROD-11107,12009,19
Anderson-Gonzales,Insight360,CUST-10442,REW-50884,ORD-40149,PROD-11715,13458,48
"Ramos, Young and Olson",CloudEdge,CUST-10174,REW-50885,ORD-44963,PROD-11525,21337,89
"Aguirre, Schroeder and King",CloudEdge,CUST-10709,REW-50886,ORD-43887,PROD-11929,4520,39
"Kelly, Yu and Juarez",NetConnect,CUST-10062,REW-50887,ORD-41461,PROD-11561,11722,68
"Stein, Randolph and Carter",CloudEdge,CUST-10335,REW-50888,ORD-43380,PROD-11757,18891,37
Bryant Group,Insight360,CUST-10872,REW-50889,ORD-44183,PROD-11883,11853,14
Coleman-Welch,CoreAnalytics,CUST-10110,REW-50890,ORD-41264,PROD-11746,17720,28
"Curtis, Johnson and Kemp",Insight360,CUST-10744,REW-50891,ORD-40348,PROD-11735,21885,54
Rivas-Perkins,CloudEdge,CUST-10594,REW-50892,ORD-43666,PROD-11850,15523,29
Garrett-Harrell,NetConnect,CUST-10118,REW-50893,ORD-44430,PROD-11776,4557,63
Randall Inc,NetConnect,CUST-10779,REW-50894,ORD-44807,PROD-11041,18473,44
Singh-Miller,DataSphere,CUST-10662,REW-50895,ORD-42327,PROD-11789,15810,36
Ibarra Ltd,Insight360,CUST-10524,REW-50896,ORD-43578,PROD-11739,14528,16
Anderson and Sons,CoreAnalytics,CUST-10996,REW-50897,ORD-43869,PROD-11874,15246,31
Wright-Randolph,Insight360,CUST-10466,REW-50898,ORD-43034,PROD-11326,16556,81
"Franklin, Chung and Perez",DataSphere,CUST-10163,REW-50899,ORD-41299,PROD-11812,15214,89
"Parrish, Miller and Cooper",DataSphere,CUST-10562,REW-50900,ORD-44302,PROD-11886,22383,41
Phillips Group,DataSphere,CUST-10395,REW-50901,ORD-43621,PROD-11703,13261,2
Cannon-Calhoun,Insight360,CUST-10255,REW-50902,ORD-42349,PROD-11038,19683,65
Wilkins-Pham,CoreAnalytics,CUST-10665,REW-50903,ORD-41921,PROD-11068,8885,12
"Johnson, Holt and Williamson",CloudEdge,CUST-10186,REW-50904,ORD-40254,PROD-11167,8238,23
"Ramos, Young and Olson",Insight360,CUST-10686,REW-50905,ORD-44358,PROD-11064,2280,74
Norman Inc,NetConnect,CUST-10602,REW-50906,ORD-44775,PROD-11565,5610,8
Morgan-Navarro,CloudEdge,CUST-10926,REW-50907,ORD-40209,PROD-11659,11975,81
Gray-Davis,NetConnect,CUST-10945,REW-50908,ORD-43010,PROD-11185,23308,13
"Diaz, Lindsey and Adams",CoreAnalytics,CUST-10711,REW-50909,ORD-43814,PROD-11849,3319,36
Vaughan PLC,Insight360,CUST-10164,REW-50910,ORD-41465,PROD-11368,10807,17
"Baldwin, Brown and Walters",CloudEdge,CUST-10382,REW-50911,ORD-43885,PROD-11436,21666,13
Brooks PLC,DataSphere,CUST-10460,REW-50912,ORD-41812,PROD-11131,18116,12
"Solis, Garcia and Smith",CloudEdge,CUST-10748,REW-50913,ORD-43047,PROD-11213,7366,7
Barrera-Moody,Insight360,CUST-10232,REW-50914,ORD-44781,PROD-11423,13555,86
Mcdaniel Inc,CoreAnalytics,CUST-10645,REW-50915,ORD-44875,PROD-11056,19700,32
Wilson-Maxwell,CoreAnalytics,CUST-10730,REW-50916,ORD-41719,PROD-11866,2792,27
Scott-Newman,NetConnect,CUST-10902,REW-50917,ORD-42355,PROD-11846,15643,76
Chaney-Lozano,CloudEdge,CUST-10942,REW-50918,ORD-43540,PROD-11973,3658,98
"Mcclain, Roberts and Wright",CloudEdge,CUST-10412,REW-50919,ORD-41286,PROD-11685,23089,62
"Huang, Collins and Santos",CloudEdge,CUST-10539,REW-50920,ORD-40810,PROD-11027,15156,90
"Le, Murray and Reid",CloudEdge,CUST-10251,REW-50921,ORD-44587,PROD-11585,4928,79
"Henderson, Johnson and Johnson",NetConnect,CUST-10243,REW-50922,ORD-41294,PROD-11949,21457,8
"Cruz, Sullivan and Howard",NetConnect,CUST-10072,REW-50923,ORD-42573,PROD-11623,16587,13
Kelly PLC,Insight360,CUST-10454,REW-50924,ORD-41004,PROD-11932,2142,2
Houston-Barnes,NetConnect,CUST-10343,REW-50925,ORD-44869,PROD-11373,6040,21
Williams-Wolf,DataSphere,CUST-10153,REW-50926,ORD-44798,PROD-11396,1310,61
Steele Inc,CloudEdge,CUST-10647,REW-50927,ORD-43806,PROD-11108,6114,6
Horn-Owen,CoreAnalytics,CUST-10571,REW-50928,ORD-43838,PROD-11576,12055,45
Ward-Riley,CloudEdge,CUST-10418,REW-50929,ORD-43123,PROD-11691,18546,42
Simmons Ltd,DataSphere,CUST-10436,REW-50930,ORD-40068,PROD-11946,1028,65
"Diaz, Lindsey and Adams",NetConnect,CUST-10467,REW-50931,ORD-44305,PROD-11813,5633,73
King PLC,Insight360,CUST-11000,REW-50932,ORD-44577,PROD-11402,12424,51
"Keith, Burke and Rogers",CloudEdge,CUST-10876,REW-50933,ORD-44545,PROD-11556,22840,60
Shelton-Smith,DataSphere,CUST-10624,REW-50934,ORD-43767,PROD-11787,2742,39
"Jenkins, Barrett and Klein",CoreAnalytics,CUST-10143,REW-50935,ORD-44055,PROD-11690,20675,94
Combs and Sons,CoreAnalytics,CUST-10628,REW-50936,ORD-44102,PROD-11043,4864,9
Edwards-Day,NetConnect,CUST-10970,REW-50937,ORD-43549,PROD-11070,14078,65
Evans Ltd,CoreAnalytics,CUST-10372,REW-50938,ORD-41383,PROD-11028,10986,30
Carter-Mcintyre,DataSphere,CUST-10631,REW-50939,ORD-41686,PROD-11895,23094,33
"Parrish, Miller and Cooper",CloudEdge,CUST-10333,REW-50940,ORD-43659,PROD-11547,21428,43
Villegas LLC,CoreAnalytics,CUST-10922,REW-50941,ORD-44283,PROD-11932,23903,59
Gordon PLC,DataSphere,CUST-10565,REW-50942,ORD-41627,PROD-11846,6136,28
Burke Group,CoreAnalytics,CUST-10767,REW-50943,ORD-44345,PROD-11605,2736,16
"Reeves, Harris and White",DataSphere,CUST-10337,REW-50944,ORD-44320,PROD-11054,15456,79
James-Carter,CloudEdge,CUST-10611,REW-50945,ORD-40882,PROD-11470,20036,65
"Martin, Stevenson and Meadows",Insight360,CUST-10699,REW-50946,ORD-44618,PROD-11963,8852,91
"Jones, Hardy and Harris",CloudEdge,CUST-10023,REW-50947,ORD-43708,PROD-11379,17789,75
Cruz-Martinez,NetConnect,CUST-10347,REW-50948,ORD-44239,PROD-11041,10756,11
Roberts-Chase,Insight360,CUST-10890,REW-50949,ORD-44747,PROD-11757,3043,55
"Grant, Johnson and Jordan",DataSphere,CUST-10711,REW-50950,ORD-42290,PROD-11213,10847,5
Pope-Hopkins,NetConnect,CUST-10733,REW-50951,ORD-43104,PROD-11655,24781,69
"Murphy, Sanchez and Perez",CoreAnalytics,CUST-10654,REW-50952,ORD-44688,PROD-11423,6064,74
Scott LLC,CloudEdge,CUST-10700,REW-50953,ORD-41037,PROD-11808,20004,96
"Ward, Woods and Rasmussen",DataSphere,CUST-10686,REW-50954,ORD-41418,PROD-11262,21750,49
"Chung, Velez and Hall",Insight360,CUST-10125,REW-50955,ORD-41466,PROD-11321,21654,15
Hernandez-Carter,NetConnect,CUST-10663,REW-50956,ORD-40412,PROD-11366,6089,86
Freeman-Hunt,DataSphere,CUST-10216,REW-50957,ORD-43343,PROD-11026,10151,70
"Williams, Peterson and Green",NetConnect,CUST-10667,REW-50958,ORD-41238,PROD-11848,4254,31
"Vincent, Russell and Joseph",Insight360,CUST-10377,REW-50959,ORD-42367,PROD-11819,22844,40
"Thomas, Arnold and Morris",CloudEdge,CUST-10555,REW-50960,ORD-42383,PROD-11704,24922,29
Wilkins-Pham,CloudEdge,CUST-10701,REW-50961,ORD-42173,PROD-11652,16548,70
"Beard, Cox and Nguyen",CloudEdge,CUST-10191,REW-50962,ORD-44062,PROD-11396,14788,28
Davis Inc,NetConnect,CUST-10704,REW-50963,ORD-42108,PROD-11770,1108,70
Watson PLC,Insight360,CUST-10849,REW-50964,ORD-42289,PROD-11242,21740,60
Smith-Woods,NetConnect,CUST-10829,REW-50965,ORD-40929,PROD-11137,13287,31
Castro-Williams,DataSphere,CUST-10757,REW-50966,ORD-43193,PROD-11349,8040,49
Norris-Riley,DataSphere,CUST-10553,REW-50967,ORD-43789,PROD-11779,1113,80
Mcdaniel-Moore,NetConnect,CUST-10446,REW-50968,ORD-44142,PROD-11379,3037,65
Carter-Martin,Insight360,CUST-10160,REW-50969,ORD-41324,PROD-11637,15926,41
"Kelley, Martinez and Miranda",DataSphere,CUST-10295,REW-50970,ORD-41446,PROD-11920,24929,36
Moreno Group,CoreAnalytics,CUST-10414,REW-50971,ORD-41318,PROD-11007,6367,56
Harris-Williams,NetConnect,CUST-10144,REW-50972,ORD-44426,PROD-11593,4545,5
Ellison-Coleman,DataSphere,CUST-10774,REW-50973,ORD-42852,PROD-11782,1365,84
"Zimmerman, Collins and Jackson",NetConnect,CUST-10903,REW-50974,ORD-40740,PROD-11256,12673,46
Whitney-Hernandez,Insight360,CUST-10657,REW-50975,ORD-41830,PROD-11838,11636,67
"Jimenez, Rubio and Jimenez",CloudEdge,CUST-10982,REW-50976,ORD-42543,PROD-11054,18283,69
Baird-Krause,CoreAnalytics,CUST-10988,REW-50977,ORD-44614,PROD-11058,7862,89
Ellison-Coleman,Insight360,CUST-10555,REW-50978,ORD-40185,PROD-11931,12015,30
"Fox, Johns and Deleon",CloudEdge,CUST-10599,REW-50979,ORD-42754,PROD-11681,23338,81
Berger Group,NetConnect,CUST-10498,REW-50980,ORD-43300,PROD-11211,11197,69
"Aguirre, Jackson and Graves",CloudEdge,CUST-10904,REW-50981,ORD-43469,PROD-11580,16324,96
Lindsey LLC,NetConnect,CUST-10656,REW-50982,ORD-43305,PROD-11020,17731,25
Allen-Miller,CloudEdge,CUST-10306,REW-50983,ORD-43712,PROD-11357,2735,95
Buchanan and Sons,DataSphere,CUST-10192,REW-50984,ORD-44623,PROD-11740,2228,75
Hale PLC,CloudEdge,CUST-10913,REW-50985,ORD-43857,PROD-11356,7714,15
Moore and Sons,DataSphere,CUST-10473,REW-50986,ORD-42483,PROD-11138,12765,24
Case and Sons,CloudEdge,CUST-10998,REW-50987,ORD-44275,PROD-11872,17774,59
Choi Ltd,CoreAnalytics,CUST-10032,REW-50988,ORD-41885,PROD-11862,20753,71
Harris Group,Insight360,CUST-10964,REW-50989,ORD-41151,PROD-11827,14526,10
Thompson-Atkinson,Insight360,CUST-10159,REW-50990,ORD-43836,PROD-11498,11230,63
"Brown, Anderson and Gonzales",DataSphere,CUST-10292,REW-50991,ORD-43149,PROD-11763,14100,58
Rose Inc,CoreAnalytics,CUST-10318,REW-50992,ORD-44694,PROD-11537,23529,92
Miller Ltd,Insight360,CUST-10490,REW-50993,ORD-43071,PROD-11507,4638,35
French Group,NetConnect,CUST-10658,REW-50994,ORD-40923,PROD-11996,16996,32
"Rodriguez, Hill and Hopkins",CloudEdge,CUST-10573,REW-50995,ORD-42042,PROD-11450,19891,67
Tanner-Brown,CoreAnalytics,CUST-10269,REW-50996,ORD-43995,PROD-11354,3383,83
Faulkner-Frazier,DataSphere,CUST-10606,REW-50997,ORD-44311,PROD-11228,15751,36
"Arellano, Lopez and Huerta",CloudEdge,CUST-10097,REW-50998,ORD-43510,PROD-11191,2781,54
Salinas-Wilson,NetConnect,CUST-10627,REW-50999,ORD-42293,PROD-11977,11418,59
Barker PLC,CloudEdge,CUST-10198,REW-51000,ORD-42017,PROD-11569,18494,81
