ViewerID,Player
1,Player_33
1,Player_12
1,Player_19
1,Player_48
2,Player_15
2,Player_7
2,Player_22
2,Player_36
3,Player_8
3,Player_24
3,Player_48
3,Player_38
4,Player_29
4,Player_20
4,Player_8
4,Player_42
5,Player_44
5,Player_22
5,Player_6
5,Player_1
6,Player_29
6,Player_6
6,Player_11
6,Player_23
7,Player_5
7,Player_20
7,Player_26
7,Player_36
8,Player_11
8,Player_16
8,Player_14
8,Player_29
9,Player_43
9,Player_31
9,Player_10
9,Player_4
10,Player_34
10,Player_38
10,Player_41
10,Player_31
11,Player_12
11,Player_27
11,Player_17
11,Player_14
12,Player_45
12,Player_35
12,Player_37
12,Player_38
13,Player_7
13,Player_12
13,Player_24
13,Player_47
14,Player_24
14,Player_49
14,Player_40
14,Player_1
15,Player_12
15,Player_32
15,Player_49
15,Player_2
16,Player_21
16,Player_8
16,Player_25
16,Player_2
17,Player_28
17,Player_7
17,Player_34
17,Player_41
18,Player_19
18,Player_32
18,Player_12
18,Player_7
19,Player_20
19,Player_33
19,Player_45
19,Player_35
20,Player_1
20,Player_42
20,Player_14
20,Player_33
21,Player_49
21,Player_25
21,Player_48
21,Player_21
22,Player_21
22,Player_12
22,Player_36
22,Player_10
23,Player_6
23,Player_10
23,Player_24
23,Player_36
24,Player_31
24,Player_33
24,Player_20
24,Player_24
25,Player_26
25,Player_4
25,Player_37
25,Player_5
26,Player_25
26,Player_10
26,Player_43
26,Player_13
27,Player_12
27,Player_17
27,Player_43
27,Player_26
28,Player_24
28,Player_5
28,Player_2
28,Player_48
29,Player_20
29,Player_4
29,Player_29
29,Player_40
30,Player_28
30,Player_7
30,Player_9
30,Player_23
31,Player_34
31,Player_4
31,Player_11
31,Player_20
32,Player_38
32,Player_28
32,Player_16
32,Player_24
33,Player_8
33,Player_19
33,Player_43
33,Player_6
34,Player_45
34,Player_12
34,Player_16
34,Player_7
35,Player_36
35,Player_14
35,Player_25
35,Player_8
36,Player_17
36,Player_4
36,Player_12
36,Player_26
37,Player_7
37,Player_43
37,Player_6
37,Player_12
38,Player_17
38,Player_8
38,Player_26
38,Player_41
39,Player_17
39,Player_5
39,Player_42
39,Player_8
40,Player_35
40,Player_43
40,Player_32
40,Player_17
41,Player_24
41,Player_9
41,Player_25
41,Player_48
42,Player_25
42,Player_21
42,Player_12
42,Player_30
43,Player_36
43,Player_43
43,Player_31
43,Player_42
44,Player_15
44,Player_36
44,Player_34
44,Player_1
45,Player_43
45,Player_8
45,Player_37
45,Player_9
46,Player_22
46,Player_3
46,Player_31
46,Player_25
47,Player_37
47,Player_43
47,Player_28
47,Player_12
48,Player_18
48,Player_7
48,Player_49
48,Player_12
49,Player_28
49,Player_36
49,Player_45
49,Player_49
50,Player_30
50,Player_7
50,Player_27
50,Player_29
51,Player_32
51,Player_31
51,Player_33
51,Player_43
52,Player_2
52,Player_1
52,Player_14
52,Player_18
53,Player_13
53,Player_18
53,Player_34
53,Player_31
54,Player_3
54,Player_42
54,Player_46
54,Player_45
55,Player_7
55,Player_42
55,Player_39
55,Player_15
56,Player_12
56,Player_42
56,Player_45
56,Player_18
57,Player_1
57,Player_26
57,Player_20
57,Player_39
58,Player_15
58,Player_38
58,Player_37
58,Player_39
59,Player_17
59,Player_24
59,Player_25
59,Player_47
60,Player_34
60,Player_41
60,Player_1
60,Player_33
61,Player_33
61,Player_13
61,Player_35
61,Player_11
62,Player_35
62,Player_14
62,Player_3
62,Player_18
63,Player_42
63,Player_31
63,Player_30
63,Player_44
64,Player_10
64,Player_18
64,Player_39
64,Player_28
65,Player_41
65,Player_2
65,Player_35
65,Player_10
66,Player_32
66,Player_24
66,Player_41
66,Player_12
67,Player_46
67,Player_29
67,Player_1
67,Player_7
68,Player_39
68,Player_36
68,Player_12
68,Player_44
69,Player_19
69,Player_17
69,Player_30
69,Player_24
70,Player_25
70,Player_46
70,Player_29
70,Player_45
71,Player_46
71,Player_26
71,Player_35
71,Player_45
72,Player_21
72,Player_11
72,Player_37
72,Player_49
73,Player_49
73,Player_44
73,Player_23
73,Player_19
74,Player_6
74,Player_31
74,Player_22
74,Player_21
75,Player_22
75,Player_45
75,Player_36
75,Player_16
76,Player_44
76,Player_7
76,Player_12
76,Player_15
77,Player_38
77,Player_40
77,Player_28
77,Player_17
78,Player_29
78,Player_42
78,Player_3
78,Player_49
79,Player_14
79,Player_7
79,Player_40
79,Player_27
80,Player_19
80,Player_29
80,Player_31
80,Player_8
81,Player_16
81,Player_17
81,Player_2
81,Player_23
82,Player_47
82,Player_2
82,Player_20
82,Player_38
83,Player_9
83,Player_11
83,Player_18
83,Player_36
84,Player_42
84,Player_10
84,Player_13
84,Player_1
85,Player_1
85,Player_49
85,Player_44
85,Player_21
86,Player_28
86,Player_27
86,Player_34
86,Player_36
87,Player_18
87,Player_49
87,Player_21
87,Player_7
88,Player_26
88,Player_40
88,Player_6
88,Player_4
89,Player_19
89,Player_6
89,Player_48
89,Player_25
90,Player_9
90,Player_6
90,Player_25
90,Player_27
91,Player_13
91,Player_33
91,Player_49
91,Player_12
92,Player_35
92,Player_12
92,Player_34
92,Player_20
93,Player_10
93,Player_2
93,Player_34
93,Player_14
94,Player_34
94,Player_44
94,Player_31
94,Player_20
95,Player_35
95,Player_23
95,Player_32
95,Player_28
96,Player_17
96,Player_34
96,Player_12
96,Player_24
97,Player_32
97,Player_48
97,Player_27
97,Player_18
98,Player_21
98,Player_37
98,Player_5
98,Player_19
99,Player_31
99,Player_38
99,Player_46
99,Player_16
100,Player_32
100,Player_31
100,Player_38
100,Player_33
101,Player_19
101,Player_36
101,Player_1
101,Player_29
102,Player_34
102,Player_21
102,Player_18
102,Player_39
103,Player_7
103,Player_4
103,Player_9
103,Player_1
104,Player_28
104,Player_19
104,Player_18
104,Player_15
105,Player_2
105,Player_33
105,Player_39
105,Player_22
106,Player_6
106,Player_16
106,Player_5
106,Player_37
107,Player_2
107,Player_16
107,Player_24
107,Player_40
108,Player_47
108,Player_18
108,Player_17
108,Player_33
109,Player_11
109,Player_37
109,Player_8
109,Player_28
110,Player_43
110,Player_10
110,Player_40
110,Player_21
111,Player_28
111,Player_8
111,Player_31
111,Player_35
112,Player_14
112,Player_38
112,Player_5
112,Player_8
113,Player_49
113,Player_15
113,Player_39
113,Player_26
114,Player_16
114,Player_18
114,Player_1
114,Player_25
115,Player_13
115,Player_31
115,Player_25
115,Player_48
116,Player_9
116,Player_8
116,Player_17
116,Player_18
117,Player_43
117,Player_30
117,Player_31
117,Player_33
118,Player_28
118,Player_18
118,Player_23
118,Player_26
119,Player_20
119,Player_48
119,Player_32
119,Player_37
120,Player_17
120,Player_10
120,Player_1
120,Player_40
121,Player_16
121,Player_37
121,Player_32
121,Player_25
122,Player_39
122,Player_29
122,Player_36
122,Player_14
123,Player_37
123,Player_13
123,Player_12
123,Player_22
124,Player_47
124,Player_29
124,Player_42
124,Player_5
125,Player_4
125,Player_13
125,Player_22
125,Player_27
126,Player_32
126,Player_25
126,Player_46
126,Player_26
127,Player_43
127,Player_47
127,Player_39
127,Player_33
128,Player_11
128,Player_16
128,Player_44
128,Player_20
129,Player_44
129,Player_15
129,Player_28
129,Player_16
130,Player_7
130,Player_10
130,Player_25
130,Player_28
131,Player_24
131,Player_47
131,Player_20
131,Player_11
132,Player_46
132,Player_28
132,Player_9
132,Player_29
133,Player_1
133,Player_35
133,Player_3
133,Player_12
134,Player_47
134,Player_30
134,Player_23
134,Player_9
135,Player_30
135,Player_46
135,Player_26
135,Player_48
136,Player_32
136,Player_2
136,Player_15
136,Player_8
137,Player_18
137,Player_41
137,Player_28
137,Player_43
138,Player_42
138,Player_9
138,Player_26
138,Player_31
139,Player_16
139,Player_49
139,Player_20
139,Player_48
140,Player_20
140,Player_2
140,Player_31
140,Player_12
141,Player_20
141,Player_5
141,Player_41
141,Player_39
142,Player_8
142,Player_35
142,Player_38
142,Player_14
143,Player_12
143,Player_25
143,Player_3
143,Player_15
144,Player_17
144,Player_19
144,Player_37
144,Player_26
145,Player_4
145,Player_48
145,Player_42
145,Player_14
146,Player_21
146,Player_31
146,Player_30
146,Player_14
147,Player_10
147,Player_21
147,Player_16
147,Player_39
148,Player_7
148,Player_24
148,Player_29
148,Player_48
149,Player_42
149,Player_22
149,Player_33
149,Player_15
150,Player_18
150,Player_31
150,Player_21
150,Player_47
151,Player_5
151,Player_23
151,Player_36
151,Player_44
152,Player_49
152,Player_3
152,Player_11
152,Player_17
153,Player_32
153,Player_5
153,Player_13
153,Player_21
154,Player_44
154,Player_33
154,Player_37
154,Player_20
155,Player_26
155,Player_8
155,Player_37
155,Player_14
156,Player_34
156,Player_43
156,Player_6
156,Player_49
157,Player_38
157,Player_18
157,Player_6
157,Player_43
158,Player_39
158,Player_46
158,Player_45
158,Player_28
159,Player_20
159,Player_16
159,Player_42
159,Player_6
160,Player_9
160,Player_22
160,Player_11
160,Player_19
161,Player_30
161,Player_33
161,Player_32
161,Player_48
162,Player_24
162,Player_37
162,Player_49
162,Player_21
163,Player_18
163,Player_41
163,Player_44
163,Player_13
164,Player_7
164,Player_8
164,Player_25
164,Player_48
165,Player_21
165,Player_36
165,Player_11
165,Player_38
166,Player_6
166,Player_19
166,Player_25
166,Player_24
167,Player_31
167,Player_35
167,Player_24
167,Player_12
168,Player_2
168,Player_26
168,Player_25
168,Player_33
169,Player_22
169,Player_42
169,Player_31
169,Player_29
170,Player_5
170,Player_12
170,Player_22
170,Player_23
171,Player_20
171,Player_48
171,Player_32
171,Player_12
172,Player_43
172,Player_5
172,Player_19
172,Player_48
173,Player_43
173,Player_31
173,Player_11
173,Player_3
174,Player_13
174,Player_15
174,Player_29
174,Player_25
175,Player_37
175,Player_24
175,Player_25
175,Player_7
176,Player_8
176,Player_7
176,Player_49
176,Player_42
177,Player_38
177,Player_25
177,Player_35
177,Player_12
178,Player_35
178,Player_46
178,Player_44
178,Player_2
179,Player_45
179,Player_16
179,Player_10
179,Player_23
180,Player_33
180,Player_48
180,Player_24
180,Player_11
181,Player_22
181,Player_36
181,Player_4
181,Player_10
182,Player_36
182,Player_42
182,Player_18
182,Player_23
183,Player_15
183,Player_18
183,Player_6
183,Player_27
184,Player_32
184,Player_48
184,Player_21
184,Player_44
185,Player_15
185,Player_8
185,Player_41
185,Player_32
186,Player_29
186,Player_40
186,Player_34
186,Player_1
187,Player_7
187,Player_25
187,Player_32
187,Player_42
188,Player_4
188,Player_39
188,Player_31
188,Player_10
189,Player_21
189,Player_25
189,Player_24
189,Player_30
190,Player_28
190,Player_14
190,Player_17
190,Player_40
191,Player_41
191,Player_42
191,Player_18
191,Player_4
192,Player_19
192,Player_9
192,Player_28
192,Player_25
193,Player_32
193,Player_43
193,Player_29
193,Player_11
194,Player_24
194,Player_2
194,Player_4
194,Player_14
195,Player_24
195,Player_26
195,Player_44
195,Player_1
196,Player_45
196,Player_47
196,Player_20
196,Player_48
197,Player_18
197,Player_16
197,Player_42
197,Player_4
198,Player_44
198,Player_15
198,Player_45
198,Player_4
199,Player_31
199,Player_13
199,Player_47
199,Player_1
200,Player_13
200,Player_16
200,Player_35
200,Player_20
201,Player_10
201,Player_34
201,Player_25
201,Player_13
202,Player_12
202,Player_17
202,Player_6
202,Player_1
203,Player_23
203,Player_10
203,Player_40
203,Player_34
204,Player_36
204,Player_48
204,Player_9
204,Player_12
205,Player_45
205,Player_1
205,Player_42
205,Player_41
206,Player_23
206,Player_1
206,Player_35
206,Player_29
207,Player_16
207,Player_41
207,Player_15
207,Player_6
208,Player_33
208,Player_8
208,Player_6
208,Player_35
209,Player_25
209,Player_26
209,Player_16
209,Player_43
210,Player_45
210,Player_9
210,Player_41
210,Player_26
211,Player_47
211,Player_42
211,Player_18
211,Player_48
212,Player_3
212,Player_13
212,Player_44
212,Player_36
213,Player_46
213,Player_16
213,Player_14
213,Player_2
214,Player_20
214,Player_34
214,Player_22
214,Player_18
215,Player_47
215,Player_37
215,Player_7
215,Player_4
216,Player_15
216,Player_36
216,Player_9
216,Player_48
217,Player_17
217,Player_36
217,Player_41
217,Player_47
218,Player_7
218,Player_9
218,Player_25
218,Player_4
219,Player_40
219,Player_29
219,Player_16
219,Player_38
220,Player_47
220,Player_27
220,Player_35
220,Player_10
221,Player_44
221,Player_12
221,Player_14
221,Player_18
222,Player_34
222,Player_49
222,Player_48
222,Player_25
223,Player_31
223,Player_16
223,Player_19
223,Player_35
224,Player_26
224,Player_13
224,Player_12
224,Player_20
225,Player_44
225,Player_9
225,Player_33
225,Player_42
226,Player_12
226,Player_39
226,Player_41
226,Player_25
227,Player_43
227,Player_39
227,Player_9
227,Player_17
228,Player_13
228,Player_6
228,Player_11
228,Player_20
229,Player_18
229,Player_41
229,Player_24
229,Player_10
230,Player_43
230,Player_13
230,Player_37
230,Player_28
231,Player_41
231,Player_17
231,Player_46
231,Player_2
232,Player_34
232,Player_31
232,Player_13
232,Player_8
233,Player_25
233,Player_17
233,Player_41
233,Player_43
234,Player_46
234,Player_5
234,Player_49
234,Player_40
235,Player_1
235,Player_48
235,Player_9
235,Player_49
236,Player_46
236,Player_36
236,Player_25
236,Player_39
237,Player_6
237,Player_32
237,Player_9
237,Player_5
238,Player_22
238,Player_9
238,Player_38
238,Player_17
239,Player_25
239,Player_9
239,Player_2
239,Player_42
240,Player_28
240,Player_7
240,Player_27
240,Player_42
241,Player_42
241,Player_3
241,Player_7
241,Player_11
242,Player_37
242,Player_10
242,Player_16
242,Player_46
243,Player_30
243,Player_36
243,Player_15
243,Player_21
244,Player_20
244,Player_31
244,Player_18
244,Player_38
245,Player_46
245,Player_22
245,Player_21
245,Player_33
246,Player_39
246,Player_32
246,Player_42
246,Player_31
247,Player_48
247,Player_36
247,Player_16
247,Player_8
248,Player_39
248,Player_23
248,Player_46
248,Player_13
249,Player_20
249,Player_17
249,Player_40
249,Player_14
250,Player_32
250,Player_21
250,Player_10
250,Player_41
251,Player_29
251,Player_23
251,Player_17
251,Player_27
252,Player_17
252,Player_6
252,Player_16
252,Player_12
253,Player_33
253,Player_20
253,Player_45
253,Player_3
254,Player_16
254,Player_19
254,Player_25
254,Player_13
255,Player_3
255,Player_46
255,Player_42
255,Player_24
256,Player_7
256,Player_46
256,Player_12
256,Player_20
257,Player_8
257,Player_28
257,Player_31
257,Player_32
258,Player_11
258,Player_28
258,Player_44
258,Player_7
259,Player_3
259,Player_49
259,Player_29
259,Player_28
260,Player_29
260,Player_23
260,Player_28
260,Player_4
261,Player_30
261,Player_22
261,Player_24
261,Player_7
262,Player_26
262,Player_15
262,Player_22
262,Player_4
263,Player_9
263,Player_44
263,Player_14
263,Player_5
264,Player_13
264,Player_48
264,Player_36
264,Player_27
265,Player_34
265,Player_38
265,Player_19
265,Player_49
266,Player_18
266,Player_21
266,Player_46
266,Player_24
267,Player_42
267,Player_9
267,Player_14
267,Player_43
268,Player_45
268,Player_30
268,Player_33
268,Player_27
269,Player_7
269,Player_49
269,Player_21
269,Player_3
270,Player_45
270,Player_1
270,Player_10
270,Player_27
271,Player_43
271,Player_30
271,Player_1
271,Player_7
272,Player_46
272,Player_38
272,Player_6
272,Player_10
273,Player_22
273,Player_38
273,Player_2
273,Player_39
274,Player_6
274,Player_28
274,Player_21
274,Player_13
275,Player_33
275,Player_20
275,Player_12
275,Player_14
276,Player_16
276,Player_39
276,Player_43
276,Player_47
277,Player_6
277,Player_2
277,Player_30
277,Player_41
278,Player_42
278,Player_3
278,Player_12
278,Player_49
279,Player_29
279,Player_42
279,Player_18
279,Player_41
280,Player_19
280,Player_13
280,Player_15
280,Player_29
281,Player_1
281,Player_12
281,Player_23
281,Player_19
282,Player_16
282,Player_13
282,Player_8
282,Player_12
283,Player_5
283,Player_33
283,Player_38
283,Player_31
284,Player_45
284,Player_46
284,Player_40
284,Player_7
285,Player_12
285,Player_29
285,Player_30
285,Player_21
286,Player_18
286,Player_3
286,Player_25
286,Player_21
287,Player_18
287,Player_41
287,Player_19
287,Player_38
288,Player_24
288,Player_23
288,Player_19
288,Player_28
289,Player_10
289,Player_22
289,Player_1
289,Player_46
290,Player_8
290,Player_15
290,Player_33
290,Player_5
291,Player_3
291,Player_25
291,Player_17
291,Player_12
292,Player_15
292,Player_21
292,Player_18
292,Player_24
293,Player_35
293,Player_32
293,Player_24
293,Player_10
294,Player_33
294,Player_30
294,Player_6
294,Player_34
295,Player_6
295,Player_16
295,Player_13
295,Player_21
296,Player_48
296,Player_16
296,Player_18
296,Player_30
297,Player_36
297,Player_23
297,Player_29
297,Player_40
298,Player_41
298,Player_17
298,Player_32
298,Player_27
299,Player_13
299,Player_23
299,Player_28
299,Player_40
300,Player_30
300,Player_33
300,Player_20
300,Player_31
301,Player_34
301,Player_5
301,Player_20
301,Player_49
302,Player_42
302,Player_44
302,Player_46
302,Player_7
303,Player_47
303,Player_5
303,Player_39
303,Player_36
304,Player_6
304,Player_2
304,Player_12
304,Player_5
305,Player_20
305,Player_19
305,Player_14
305,Player_48
306,Player_8
306,Player_13
306,Player_39
306,Player_24
307,Player_12
307,Player_35
307,Player_49
307,Player_17
308,Player_24
308,Player_3
308,Player_36
308,Player_40
309,Player_3
309,Player_5
309,Player_22
309,Player_20
310,Player_46
310,Player_21
310,Player_44
310,Player_39
311,Player_19
311,Player_32
311,Player_27
311,Player_25
312,Player_27
312,Player_13
312,Player_14
312,Player_31
313,Player_42
313,Player_1
313,Player_19
313,Player_11
314,Player_21
314,Player_45
314,Player_12
314,Player_6
315,Player_12
315,Player_1
315,Player_26
315,Player_28
316,Player_30
316,Player_20
316,Player_6
316,Player_29
317,Player_12
317,Player_25
317,Player_5
317,Player_24
318,Player_21
318,Player_16
318,Player_23
318,Player_17
319,Player_43
319,Player_31
319,Player_28
319,Player_5
320,Player_27
320,Player_9
320,Player_4
320,Player_16
321,Player_38
321,Player_47
321,Player_17
321,Player_6
322,Player_40
322,Player_20
322,Player_12
322,Player_13
323,Player_8
323,Player_36
323,Player_42
323,Player_17
324,Player_43
324,Player_15
324,Player_47
324,Player_46
325,Player_17
325,Player_12
325,Player_29
325,Player_37
326,Player_6
326,Player_13
326,Player_24
326,Player_46
327,Player_12
327,Player_13
327,Player_38
327,Player_20
328,Player_45
328,Player_44
328,Player_25
328,Player_35
329,Player_35
329,Player_38
329,Player_43
329,Player_8
330,Player_4
330,Player_13
330,Player_25
330,Player_33
331,Player_6
331,Player_49
331,Player_33
331,Player_10
332,Player_20
332,Player_44
332,Player_28
332,Player_29
333,Player_35
333,Player_44
333,Player_19
333,Player_12
334,Player_14
334,Player_12
334,Player_49
334,Player_41
335,Player_14
335,Player_3
335,Player_43
335,Player_4
336,Player_32
336,Player_11
336,Player_9
336,Player_4
337,Player_39
337,Player_8
337,Player_31
337,Player_7
338,Player_30
338,Player_10
338,Player_44
338,Player_16
339,Player_45
339,Player_2
339,Player_49
339,Player_40
340,Player_12
340,Player_44
340,Player_39
340,Player_36
341,Player_16
341,Player_35
341,Player_3
341,Player_43
342,Player_41
342,Player_48
342,Player_31
342,Player_17
343,Player_15
343,Player_20
343,Player_16
343,Player_23
344,Player_13
344,Player_29
344,Player_1
344,Player_12
345,Player_5
345,Player_30
345,Player_39
345,Player_9
346,Player_40
346,Player_24
346,Player_10
346,Player_38
347,Player_27
347,Player_28
347,Player_38
347,Player_39
348,Player_41
348,Player_32
348,Player_10
348,Player_6
349,Player_44
349,Player_20
349,Player_42
349,Player_9
350,Player_47
350,Player_16
350,Player_28
350,Player_44
351,Player_20
351,Player_26
351,Player_28
351,Player_25
352,Player_17
352,Player_27
352,Player_42
352,Player_24
353,Player_28
353,Player_37
353,Player_47
353,Player_35
354,Player_27
354,Player_8
354,Player_24
354,Player_17
355,Player_37
355,Player_10
355,Player_24
355,Player_6
356,Player_44
356,Player_1
356,Player_34
356,Player_23
357,Player_43
357,Player_6
357,Player_36
357,Player_34
358,Player_28
358,Player_23
358,Player_26
358,Player_17
359,Player_5
359,Player_11
359,Player_9
359,Player_24
360,Player_9
360,Player_20
360,Player_30
360,Player_21
361,Player_42
361,Player_29
361,Player_28
361,Player_41
362,Player_5
362,Player_40
362,Player_31
362,Player_2
363,Player_23
363,Player_48
363,Player_31
363,Player_36
364,Player_1
364,Player_34
364,Player_2
364,Player_12
365,Player_19
365,Player_36
365,Player_15
365,Player_16
366,Player_2
366,Player_41
366,Player_24
366,Player_21
367,Player_16
367,Player_36
367,Player_26
367,Player_37
368,Player_3
368,Player_29
368,Player_49
368,Player_16
369,Player_14
369,Player_33
369,Player_11
369,Player_48
370,Player_27
370,Player_14
370,Player_2
370,Player_44
371,Player_11
371,Player_47
371,Player_48
371,Player_41
372,Player_16
372,Player_3
372,Player_10
372,Player_39
373,Player_48
373,Player_15
373,Player_44
373,Player_7
374,Player_45
374,Player_21
374,Player_11
374,Player_32
375,Player_5
375,Player_2
375,Player_6
375,Player_48
376,Player_44
376,Player_19
376,Player_40
376,Player_30
377,Player_6
377,Player_17
377,Player_9
377,Player_31
378,Player_35
378,Player_28
378,Player_19
378,Player_22
379,Player_3
379,Player_24
379,Player_31
379,Player_18
380,Player_22
380,Player_33
380,Player_28
380,Player_38
381,Player_34
381,Player_17
381,Player_37
381,Player_38
382,Player_18
382,Player_8
382,Player_38
382,Player_31
383,Player_21
383,Player_19
383,Player_48
383,Player_5
384,Player_3
384,Player_8
384,Player_12
384,Player_19
385,Player_22
385,Player_21
385,Player_24
385,Player_26
386,Player_39
386,Player_25
386,Player_15
386,Player_33
387,Player_32
387,Player_25
387,Player_42
387,Player_49
388,Player_25
388,Player_38
388,Player_47
388,Player_45
389,Player_40
389,Player_33
389,Player_48
389,Player_1
390,Player_30
390,Player_28
390,Player_6
390,Player_21
391,Player_9
391,Player_19
391,Player_22
391,Player_37
392,Player_30
392,Player_31
392,Player_45
392,Player_15
393,Player_23
393,Player_3
393,Player_46
393,Player_24
394,Player_39
394,Player_5
394,Player_16
394,Player_17
395,Player_17
395,Player_26
395,Player_8
395,Player_37
396,Player_17
396,Player_33
396,Player_42
396,Player_43
397,Player_45
397,Player_7
397,Player_49
397,Player_18
398,Player_45
398,Player_17
398,Player_47
398,Player_13
399,Player_2
399,Player_11
399,Player_16
399,Player_15
400,Player_48
400,Player_35
400,Player_25
400,Player_49
401,Player_3
401,Player_8
401,Player_47
401,Player_45
402,Player_12
402,Player_20
402,Player_38
402,Player_41
403,Player_34
403,Player_7
403,Player_28
403,Player_45
404,Player_45
404,Player_44
404,Player_49
404,Player_24
405,Player_14
405,Player_37
405,Player_24
405,Player_19
406,Player_18
406,Player_13
406,Player_4
406,Player_48
407,Player_37
407,Player_12
407,Player_5
407,Player_25
408,Player_43
408,Player_6
408,Player_46
408,Player_17
409,Player_9
409,Player_48
409,Player_39
409,Player_19
410,Player_39
410,Player_4
410,Player_44
410,Player_30
411,Player_29
411,Player_46
411,Player_34
411,Player_42
412,Player_43
412,Player_28
412,Player_46
412,Player_36
413,Player_22
413,Player_11
413,Player_28
413,Player_29
414,Player_16
414,Player_23
414,Player_3
414,Player_20
415,Player_22
415,Player_33
415,Player_13
415,Player_29
416,Player_18
416,Player_3
416,Player_20
416,Player_33
417,Player_10
417,Player_16
417,Player_20
417,Player_39
418,Player_31
418,Player_10
418,Player_44
418,Player_29
419,Player_33
419,Player_19
419,Player_48
419,Player_11
420,Player_27
420,Player_46
420,Player_45
420,Player_48
421,Player_2
421,Player_47
421,Player_9
421,Player_38
422,Player_41
422,Player_32
422,Player_36
422,Player_40
423,Player_48
423,Player_38
423,Player_12
423,Player_22
424,Player_4
424,Player_8
424,Player_43
424,Player_13
425,Player_17
425,Player_40
425,Player_45
425,Player_20
426,Player_24
426,Player_49
426,Player_4
426,Player_45
427,Player_12
427,Player_35
427,Player_30
427,Player_47
428,Player_38
428,Player_27
428,Player_1
428,Player_35
429,Player_3
429,Player_30
429,Player_44
429,Player_31
430,Player_16
430,Player_15
430,Player_7
430,Player_19
431,Player_4
431,Player_29
431,Player_39
431,Player_14
432,Player_37
432,Player_22
432,Player_25
432,Player_27
433,Player_22
433,Player_10
433,Player_6
433,Player_14
434,Player_17
434,Player_19
434,Player_26
434,Player_49
435,Player_42
435,Player_35
435,Player_14
435,Player_43
436,Player_11
436,Player_22
436,Player_47
436,Player_17
437,Player_13
437,Player_41
437,Player_34
437,Player_42
438,Player_24
438,Player_26
438,Player_15
438,Player_49
439,Player_29
439,Player_15
439,Player_11
439,Player_3
440,Player_32
440,Player_40
440,Player_19
440,Player_44
441,Player_26
441,Player_43
441,Player_49
441,Player_42
442,Player_13
442,Player_3
442,Player_48
442,Player_40
443,Player_16
443,Player_11
443,Player_19
443,Player_3
444,Player_28
444,Player_45
444,Player_15
444,Player_12
445,Player_32
445,Player_24
445,Player_37
445,Player_25
446,Player_6
446,Player_9
446,Player_30
446,Player_37
447,Player_11
447,Player_41
447,Player_43
447,Player_49
448,Player_49
448,Player_6
448,Player_17
448,Player_3
449,Player_32
449,Player_13
449,Player_36
449,Player_45
450,Player_43
450,Player_42
450,Player_26
450,Player_48
451,Player_33
451,Player_46
451,Player_17
451,Player_49
452,Player_48
452,Player_46
452,Player_1
452,Player_6
453,Player_27
453,Player_17
453,Player_38
453,Player_30
454,Player_48
454,Player_34
454,Player_40
454,Player_8
455,Player_4
455,Player_12
455,Player_22
455,Player_45
456,Player_16
456,Player_46
456,Player_41
456,Player_32
457,Player_10
457,Player_27
457,Player_21
457,Player_49
458,Player_47
458,Player_2
458,Player_18
458,Player_26
459,Player_14
459,Player_15
459,Player_27
459,Player_4
460,Player_11
460,Player_42
460,Player_43
460,Player_20
461,Player_3
461,Player_48
461,Player_16
461,Player_37
462,Player_22
462,Player_43
462,Player_30
462,Player_29
463,Player_40
463,Player_7
463,Player_33
463,Player_49
464,Player_26
464,Player_48
464,Player_4
464,Player_32
465,Player_45
465,Player_44
465,Player_16
465,Player_32
466,Player_22
466,Player_10
466,Player_43
466,Player_16
467,Player_44
467,Player_25
467,Player_29
467,Player_26
468,Player_40
468,Player_6
468,Player_29
468,Player_28
469,Player_3
469,Player_25
469,Player_26
469,Player_1
470,Player_6
470,Player_5
470,Player_48
470,Player_41
471,Player_15
471,Player_18
471,Player_21
471,Player_16
472,Player_36
472,Player_42
472,Player_23
472,Player_24
473,Player_37
473,Player_8
473,Player_35
473,Player_12
474,Player_13
474,Player_30
474,Player_25
474,Player_41
475,Player_31
475,Player_23
475,Player_15
475,Player_24
476,Player_16
476,Player_40
476,Player_37
476,Player_5
477,Player_33
477,Player_25
477,Player_1
477,Player_47
478,Player_48
478,Player_49
478,Player_34
478,Player_9
479,Player_4
479,Player_15
479,Player_1
479,Player_37
480,Player_8
480,Player_26
480,Player_30
480,Player_24
481,Player_33
481,Player_45
481,Player_35
481,Player_43
482,Player_26
482,Player_3
482,Player_5
482,Player_45
483,Player_1
483,Player_35
483,Player_28
483,Player_25
484,Player_7
484,Player_5
484,Player_43
484,Player_34
485,Player_20
485,Player_21
485,Player_8
485,Player_34
486,Player_7
486,Player_14
486,Player_18
486,Player_6
487,Player_27
487,Player_23
487,Player_40
487,Player_5
488,Player_13
488,Player_1
488,Player_23
488,Player_48
489,Player_3
489,Player_23
489,Player_4
489,Player_42
490,Player_44
490,Player_45
490,Player_4
490,Player_31
491,Player_14
491,Player_36
491,Player_15
491,Player_10
492,Player_2
492,Player_24
492,Player_7
492,Player_4
493,Player_15
493,Player_2
493,Player_3
493,Player_11
494,Player_8
494,Player_31
494,Player_44
494,Player_2
495,Player_40
495,Player_46
495,Player_23
495,Player_9
496,Player_42
496,Player_12
496,Player_44
496,Player_11
497,Player_28
497,Player_29
497,Player_25
497,Player_6
498,Player_37
498,Player_32
498,Player_17
498,Player_11
499,Player_4
499,Player_3
499,Player_39
499,Player_31
500,Player_35
500,Player_4
500,Player_33
500,Player_2
501,Player_46
501,Player_47
501,Player_28
501,Player_7
502,Player_49
502,Player_14
502,Player_24
502,Player_1
503,Player_20
503,Player_48
503,Player_17
503,Player_11
504,Player_28
504,Player_49
504,Player_2
504,Player_17
505,Player_48
505,Player_28
505,Player_8
505,Player_35
506,Player_3
506,Player_43
506,Player_29
506,Player_6
507,Player_30
507,Player_16
507,Player_21
507,Player_48
508,Player_14
508,Player_21
508,Player_20
508,Player_39
509,Player_29
509,Player_44
509,Player_26
509,Player_49
510,Player_44
510,Player_9
510,Player_4
510,Player_46
511,Player_37
511,Player_9
511,Player_16
511,Player_29
512,Player_29
512,Player_2
512,Player_28
512,Player_31
513,Player_33
513,Player_47
513,Player_43
513,Player_16
514,Player_2
514,Player_9
514,Player_3
514,Player_22
515,Player_38
515,Player_2
515,Player_36
515,Player_31
516,Player_3
516,Player_1
516,Player_5
516,Player_14
517,Player_1
517,Player_48
517,Player_9
517,Player_40
518,Player_29
518,Player_21
518,Player_7
518,Player_39
519,Player_34
519,Player_7
519,Player_32
519,Player_26
520,Player_38
520,Player_35
520,Player_47
520,Player_43
521,Player_33
521,Player_45
521,Player_47
521,Player_19
522,Player_29
522,Player_36
522,Player_43
522,Player_7
523,Player_48
523,Player_30
523,Player_3
523,Player_17
524,Player_21
524,Player_36
524,Player_27
524,Player_41
525,Player_24
525,Player_26
525,Player_4
525,Player_46
526,Player_9
526,Player_47
526,Player_15
526,Player_41
527,Player_15
527,Player_20
527,Player_1
527,Player_21
528,Player_18
528,Player_27
528,Player_29
528,Player_31
529,Player_27
529,Player_30
529,Player_10
529,Player_2
530,Player_6
530,Player_49
530,Player_48
530,Player_41
531,Player_3
531,Player_19
531,Player_48
531,Player_8
532,Player_1
532,Player_13
532,Player_23
532,Player_16
533,Player_26
533,Player_29
533,Player_49
533,Player_41
534,Player_5
534,Player_19
534,Player_48
534,Player_38
535,Player_7
535,Player_24
535,Player_46
535,Player_48
536,Player_46
536,Player_22
536,Player_3
536,Player_24
537,Player_48
537,Player_23
537,Player_27
537,Player_19
538,Player_31
538,Player_42
538,Player_38
538,Player_47
539,Player_48
539,Player_7
539,Player_29
539,Player_2
540,Player_22
540,Player_14
540,Player_5
540,Player_43
541,Player_26
541,Player_38
541,Player_18
541,Player_46
542,Player_47
542,Player_35
542,Player_6
542,Player_3
543,Player_45
543,Player_48
543,Player_14
543,Player_27
544,Player_5
544,Player_23
544,Player_49
544,Player_37
545,Player_14
545,Player_3
545,Player_39
545,Player_42
546,Player_49
546,Player_47
546,Player_26
546,Player_48
547,Player_10
547,Player_17
547,Player_19
547,Player_20
548,Player_48
548,Player_27
548,Player_4
548,Player_18
549,Player_6
549,Player_13
549,Player_27
549,Player_47
550,Player_3
550,Player_29
550,Player_10
550,Player_18
551,Player_13
551,Player_22
551,Player_32
551,Player_40
552,Player_39
552,Player_2
552,Player_46
552,Player_48
553,Player_43
553,Player_20
553,Player_31
553,Player_22
554,Player_40
554,Player_3
554,Player_1
554,Player_22
555,Player_20
555,Player_18
555,Player_41
555,Player_45
556,Player_30
556,Player_11
556,Player_38
556,Player_35
557,Player_21
557,Player_15
557,Player_34
557,Player_24
558,Player_14
558,Player_36
558,Player_23
558,Player_11
559,Player_6
559,Player_33
559,Player_30
559,Player_36
560,Player_35
560,Player_44
560,Player_31
560,Player_46
561,Player_36
561,Player_15
561,Player_17
561,Player_18
562,Player_19
562,Player_8
562,Player_11
562,Player_2
563,Player_21
563,Player_8
563,Player_47
563,Player_41
564,Player_29
564,Player_43
564,Player_24
564,Player_35
565,Player_42
565,Player_14
565,Player_43
565,Player_28
566,Player_18
566,Player_23
566,Player_2
566,Player_28
567,Player_30
567,Player_32
567,Player_34
567,Player_44
568,Player_10
568,Player_3
568,Player_47
568,Player_17
569,Player_33
569,Player_32
569,Player_15
569,Player_42
570,Player_42
570,Player_27
570,Player_11
570,Player_48
571,Player_36
571,Player_2
571,Player_39
571,Player_32
572,Player_21
572,Player_6
572,Player_27
572,Player_17
573,Player_38
573,Player_14
573,Player_33
573,Player_41
574,Player_31
574,Player_16
574,Player_6
574,Player_22
575,Player_11
575,Player_35
575,Player_23
575,Player_14
576,Player_27
576,Player_22
576,Player_36
576,Player_24
577,Player_8
577,Player_28
577,Player_29
577,Player_1
578,Player_20
578,Player_27
578,Player_9
578,Player_22
579,Player_39
579,Player_18
579,Player_7
579,Player_37
580,Player_31
580,Player_36
580,Player_10
580,Player_33
581,Player_9
581,Player_32
581,Player_22
581,Player_13
582,Player_44
582,Player_36
582,Player_37
582,Player_31
583,Player_27
583,Player_18
583,Player_15
583,Player_11
584,Player_16
584,Player_19
584,Player_18
584,Player_4
585,Player_49
585,Player_13
585,Player_10
585,Player_26
586,Player_1
586,Player_14
586,Player_18
586,Player_39
587,Player_45
587,Player_34
587,Player_40
587,Player_48
588,Player_9
588,Player_43
588,Player_12
588,Player_49
589,Player_49
589,Player_45
589,Player_2
589,Player_37
590,Player_46
590,Player_24
590,Player_26
590,Player_10
591,Player_13
591,Player_43
591,Player_44
591,Player_48
592,Player_45
592,Player_31
592,Player_35
592,Player_26
593,Player_6
593,Player_14
593,Player_24
593,Player_37
594,Player_33
594,Player_45
594,Player_41
594,Player_2
595,Player_23
595,Player_9
595,Player_1
595,Player_27
596,Player_34
596,Player_2
596,Player_11
596,Player_38
597,Player_43
597,Player_18
597,Player_38
597,Player_21
598,Player_47
598,Player_10
598,Player_41
598,Player_15
599,Player_16
599,Player_34
599,Player_49
599,Player_35
600,Player_40
600,Player_45
600,Player_33
600,Player_17
601,Player_34
601,Player_11
601,Player_2
601,Player_21
602,Player_43
602,Player_15
602,Player_21
602,Player_34
603,Player_36
603,Player_33
603,Player_26
603,Player_19
604,Player_2
604,Player_14
604,Player_39
604,Player_6
605,Player_40
605,Player_11
605,Player_4
605,Player_9
606,Player_16
606,Player_43
606,Player_9
606,Player_18
607,Player_39
607,Player_6
607,Player_3
607,Player_13
608,Player_3
608,Player_20
608,Player_47
608,Player_31
609,Player_36
609,Player_8
609,Player_14
609,Player_44
610,Player_34
610,Player_33
610,Player_1
610,Player_10
611,Player_1
611,Player_20
611,Player_18
611,Player_33
612,Player_8
612,Player_29
612,Player_42
612,Player_48
613,Player_2
613,Player_37
613,Player_47
613,Player_5
614,Player_17
614,Player_41
614,Player_16
614,Player_34
615,Player_24
615,Player_35
615,Player_12
615,Player_36
616,Player_19
616,Player_43
616,Player_27
616,Player_45
617,Player_25
617,Player_2
617,Player_45
617,Player_13
618,Player_28
618,Player_19
618,Player_49
618,Player_32
619,Player_49
619,Player_22
619,Player_44
619,Player_42
620,Player_22
620,Player_8
620,Player_20
620,Player_36
621,Player_2
621,Player_4
621,Player_38
621,Player_32
622,Player_18
622,Player_2
622,Player_40
622,Player_20
623,Player_45
623,Player_40
623,Player_8
623,Player_47
624,Player_2
624,Player_20
624,Player_13
624,Player_1
625,Player_40
625,Player_37
625,Player_34
625,Player_10
626,Player_38
626,Player_47
626,Player_22
626,Player_45
627,Player_29
627,Player_4
627,Player_38
627,Player_15
628,Player_23
628,Player_8
628,Player_28
628,Player_10
629,Player_9
629,Player_5
629,Player_13
629,Player_23
630,Player_36
630,Player_40
630,Player_35
630,Player_17
631,Player_10
631,Player_20
631,Player_15
631,Player_6
632,Player_15
632,Player_27
632,Player_14
632,Player_32
633,Player_22
633,Player_24
633,Player_38
633,Player_7
634,Player_3
634,Player_29
634,Player_21
634,Player_48
635,Player_8
635,Player_34
635,Player_43
635,Player_30
636,Player_44
636,Player_18
636,Player_32
636,Player_35
637,Player_28
637,Player_1
637,Player_10
637,Player_30
638,Player_23
638,Player_40
638,Player_49
638,Player_42
639,Player_39
639,Player_45
639,Player_23
639,Player_16
640,Player_31
640,Player_12
640,Player_37
640,Player_9
641,Player_46
641,Player_11
641,Player_33
641,Player_23
642,Player_31
642,Player_4
642,Player_40
642,Player_9
643,Player_16
643,Player_36
643,Player_9
643,Player_7
644,Player_4
644,Player_47
644,Player_17
644,Player_20
645,Player_31
645,Player_36
645,Player_39
645,Player_9
646,Player_21
646,Player_22
646,Player_38
646,Player_3
647,Player_18
647,Player_28
647,Player_9
647,Player_12
648,Player_26
648,Player_25
648,Player_36
648,Player_3
649,Player_32
649,Player_29
649,Player_42
649,Player_3
650,Player_8
650,Player_49
650,Player_14
650,Player_45
651,Player_41
651,Player_22
651,Player_20
651,Player_2
652,Player_21
652,Player_49
652,Player_40
652,Player_16
653,Player_39
653,Player_15
653,Player_33
653,Player_6
654,Player_6
654,Player_36
654,Player_33
654,Player_45
655,Player_32
655,Player_12
655,Player_48
655,Player_3
656,Player_47
656,Player_28
656,Player_5
656,Player_49
657,Player_20
657,Player_23
657,Player_17
657,Player_34
658,Player_29
658,Player_45
658,Player_17
658,Player_15
659,Player_35
659,Player_5
659,Player_26
659,Player_48
660,Player_41
660,Player_46
660,Player_2
660,Player_19
661,Player_26
661,Player_14
661,Player_22
661,Player_46
662,Player_5
662,Player_30
662,Player_22
662,Player_32
663,Player_17
663,Player_43
663,Player_39
663,Player_33
664,Player_23
664,Player_17
664,Player_47
664,Player_22
665,Player_40
665,Player_42
665,Player_9
665,Player_19
666,Player_14
666,Player_19
666,Player_5
666,Player_39
667,Player_1
667,Player_14
667,Player_19
667,Player_6
668,Player_23
668,Player_28
668,Player_6
668,Player_31
669,Player_5
669,Player_27
669,Player_16
669,Player_49
670,Player_38
670,Player_5
670,Player_42
670,Player_15
671,Player_42
671,Player_22
671,Player_28
671,Player_34
672,Player_42
672,Player_49
672,Player_15
672,Player_27
673,Player_12
673,Player_34
673,Player_3
673,Player_49
674,Player_38
674,Player_12
674,Player_15
674,Player_24
675,Player_29
675,Player_27
675,Player_43
675,Player_3
676,Player_37
676,Player_15
676,Player_18
676,Player_28
677,Player_12
677,Player_34
677,Player_20
677,Player_36
678,Player_38
678,Player_4
678,Player_45
678,Player_37
679,Player_12
679,Player_48
679,Player_4
679,Player_30
680,Player_5
680,Player_49
680,Player_2
680,Player_41
681,Player_34
681,Player_48
681,Player_19
681,Player_6
682,Player_34
682,Player_42
682,Player_31
682,Player_3
683,Player_39
683,Player_46
683,Player_45
683,Player_22
684,Player_45
684,Player_30
684,Player_10
684,Player_2
685,Player_24
685,Player_3
685,Player_27
685,Player_32
686,Player_38
686,Player_1
686,Player_3
686,Player_28
687,Player_42
687,Player_19
687,Player_2
687,Player_28
688,Player_41
688,Player_4
688,Player_2
688,Player_11
689,Player_7
689,Player_2
689,Player_3
689,Player_34
690,Player_33
690,Player_40
690,Player_19
690,Player_6
691,Player_47
691,Player_43
691,Player_6
691,Player_22
692,Player_22
692,Player_39
692,Player_21
692,Player_20
693,Player_19
693,Player_20
693,Player_15
693,Player_35
694,Player_47
694,Player_6
694,Player_23
694,Player_13
695,Player_45
695,Player_1
695,Player_21
695,Player_29
696,Player_46
696,Player_13
696,Player_19
696,Player_8
697,Player_45
697,Player_8
697,Player_49
697,Player_48
698,Player_45
698,Player_2
698,Player_38
698,Player_48
699,Player_20
699,Player_24
699,Player_38
699,Player_43
700,Player_32
700,Player_33
700,Player_36
700,Player_8
701,Player_38
701,Player_20
701,Player_14
701,Player_34
702,Player_12
702,Player_11
702,Player_1
702,Player_46
703,Player_27
703,Player_1
703,Player_13
703,Player_44
704,Player_39
704,Player_22
704,Player_28
704,Player_1
705,Player_3
705,Player_32
705,Player_33
705,Player_38
706,Player_19
706,Player_42
706,Player_23
706,Player_15
707,Player_4
707,Player_18
707,Player_16
707,Player_11
708,Player_43
708,Player_14
708,Player_9
708,Player_16
709,Player_33
709,Player_32
709,Player_36
709,Player_4
710,Player_42
710,Player_24
710,Player_4
710,Player_16
711,Player_21
711,Player_27
711,Player_47
711,Player_1
712,Player_49
712,Player_7
712,Player_15
712,Player_16
713,Player_16
713,Player_43
713,Player_7
713,Player_29
714,Player_30
714,Player_4
714,Player_46
714,Player_3
715,Player_29
715,Player_18
715,Player_48
715,Player_22
716,Player_24
716,Player_37
716,Player_26
716,Player_32
717,Player_4
717,Player_12
717,Player_26
717,Player_35
718,Player_30
718,Player_17
718,Player_8
718,Player_7
719,Player_21
719,Player_13
719,Player_4
719,Player_43
720,Player_16
720,Player_45
720,Player_35
720,Player_8
721,Player_13
721,Player_19
721,Player_38
721,Player_21
722,Player_49
722,Player_48
722,Player_17
722,Player_31
723,Player_43
723,Player_5
723,Player_22
723,Player_30
724,Player_10
724,Player_21
724,Player_28
724,Player_47
725,Player_41
725,Player_38
725,Player_11
725,Player_28
726,Player_40
726,Player_29
726,Player_17
726,Player_42
727,Player_4
727,Player_30
727,Player_45
727,Player_18
728,Player_27
728,Player_43
728,Player_33
728,Player_21
729,Player_41
729,Player_29
729,Player_34
729,Player_30
730,Player_43
730,Player_47
730,Player_42
730,Player_33
731,Player_6
731,Player_31
731,Player_5
731,Player_38
732,Player_17
732,Player_28
732,Player_8
732,Player_21
733,Player_49
733,Player_27
733,Player_6
733,Player_11
734,Player_24
734,Player_37
734,Player_43
734,Player_31
735,Player_40
735,Player_26
735,Player_43
735,Player_34
736,Player_47
736,Player_10
736,Player_24
736,Player_13
737,Player_35
737,Player_11
737,Player_3
737,Player_27
738,Player_8
738,Player_15
738,Player_5
738,Player_17
739,Player_13
739,Player_3
739,Player_14
739,Player_23
740,Player_6
740,Player_9
740,Player_18
740,Player_15
741,Player_8
741,Player_39
741,Player_31
741,Player_19
742,Player_38
742,Player_17
742,Player_19
742,Player_23
743,Player_13
743,Player_38
743,Player_22
743,Player_21
744,Player_18
744,Player_1
744,Player_24
744,Player_29
745,Player_16
745,Player_47
745,Player_24
745,Player_19
746,Player_33
746,Player_5
746,Player_43
746,Player_29
747,Player_28
747,Player_8
747,Player_48
747,Player_44
748,Player_6
748,Player_21
748,Player_2
748,Player_19
749,Player_7
749,Player_20
749,Player_31
749,Player_5
750,Player_35
750,Player_44
750,Player_13
750,Player_5
751,Player_21
751,Player_19
751,Player_31
751,Player_3
752,Player_47
752,Player_41
752,Player_12
752,Player_7
753,Player_14
753,Player_48
753,Player_27
753,Player_15
754,Player_32
754,Player_40
754,Player_5
754,Player_29
755,Player_10
755,Player_22
755,Player_4
755,Player_47
756,Player_15
756,Player_31
756,Player_20
756,Player_43
757,Player_8
757,Player_46
757,Player_49
757,Player_16
758,Player_22
758,Player_34
758,Player_39
758,Player_32
759,Player_39
759,Player_13
759,Player_31
759,Player_49
760,Player_20
760,Player_35
760,Player_26
760,Player_32
761,Player_4
761,Player_11
761,Player_15
761,Player_30
762,Player_12
762,Player_34
762,Player_28
762,Player_22
763,Player_3
763,Player_44
763,Player_4
763,Player_6
764,Player_14
764,Player_30
764,Player_43
764,Player_25
765,Player_29
765,Player_30
765,Player_38
765,Player_34
766,Player_29
766,Player_12
766,Player_44
766,Player_36
767,Player_36
767,Player_23
767,Player_32
767,Player_45
768,Player_32
768,Player_42
768,Player_16
768,Player_1
769,Player_1
769,Player_34
769,Player_45
769,Player_27
770,Player_4
770,Player_35
770,Player_47
770,Player_34
771,Player_2
771,Player_39
771,Player_33
771,Player_42
772,Player_24
772,Player_40
772,Player_45
772,Player_39
773,Player_6
773,Player_9
773,Player_31
773,Player_20
774,Player_28
774,Player_36
774,Player_39
774,Player_34
775,Player_2
775,Player_17
775,Player_35
775,Player_47
776,Player_16
776,Player_33
776,Player_39
776,Player_35
777,Player_42
777,Player_7
777,Player_8
777,Player_38
778,Player_24
778,Player_44
778,Player_20
778,Player_10
779,Player_20
779,Player_7
779,Player_19
779,Player_16
780,Player_13
780,Player_49
780,Player_36
780,Player_20
781,Player_12
781,Player_30
781,Player_22
781,Player_43
782,Player_24
782,Player_5
782,Player_21
782,Player_20
783,Player_18
783,Player_2
783,Player_29
783,Player_13
784,Player_11
784,Player_14
784,Player_2
784,Player_12
785,Player_2
785,Player_48
785,Player_27
785,Player_46
786,Player_46
786,Player_37
786,Player_30
786,Player_41
787,Player_6
787,Player_39
787,Player_26
787,Player_8
788,Player_11
788,Player_24
788,Player_21
788,Player_12
789,Player_13
789,Player_3
789,Player_29
789,Player_22
790,Player_14
790,Player_38
790,Player_25
790,Player_6
791,Player_37
791,Player_28
791,Player_38
791,Player_30
792,Player_47
792,Player_34
792,Player_33
792,Player_42
793,Player_44
793,Player_23
793,Player_33
793,Player_19
794,Player_17
794,Player_47
794,Player_26
794,Player_22
795,Player_38
795,Player_35
795,Player_17
795,Player_13
796,Player_43
796,Player_28
796,Player_39
796,Player_3
797,Player_9
797,Player_2
797,Player_38
797,Player_39
798,Player_8
798,Player_37
798,Player_29
798,Player_4
799,Player_33
799,Player_2
799,Player_9
799,Player_38
800,Player_49
800,Player_25
800,Player_2
800,Player_27
801,Player_19
801,Player_30
801,Player_27
801,Player_3
802,Player_40
802,Player_5
802,Player_3
802,Player_1
803,Player_48
803,Player_29
803,Player_3
803,Player_40
804,Player_18
804,Player_16
804,Player_2
804,Player_24
805,Player_1
805,Player_46
805,Player_47
805,Player_33
806,Player_19
806,Player_45
806,Player_8
806,Player_5
807,Player_1
807,Player_46
807,Player_44
807,Player_33
808,Player_30
808,Player_16
808,Player_12
808,Player_37
809,Player_47
809,Player_5
809,Player_32
809,Player_21
810,Player_39
810,Player_22
810,Player_14
810,Player_26
811,Player_15
811,Player_6
811,Player_13
811,Player_9
812,Player_23
812,Player_33
812,Player_1
812,Player_16
813,Player_21
813,Player_41
813,Player_33
813,Player_8
814,Player_23
814,Player_45
814,Player_39
814,Player_5
815,Player_10
815,Player_43
815,Player_19
815,Player_26
816,Player_9
816,Player_1
816,Player_30
816,Player_33
817,Player_26
817,Player_7
817,Player_47
817,Player_21
818,Player_49
818,Player_47
818,Player_31
818,Player_29
819,Player_2
819,Player_25
819,Player_12
819,Player_20
820,Player_23
820,Player_44
820,Player_47
820,Player_6
821,Player_39
821,Player_36
821,Player_40
821,Player_45
822,Player_43
822,Player_7
822,Player_29
822,Player_47
823,Player_2
823,Player_37
823,Player_35
823,Player_15
824,Player_48
824,Player_45
824,Player_2
824,Player_47
825,Player_1
825,Player_4
825,Player_14
825,Player_11
826,Player_26
826,Player_11
826,Player_22
826,Player_45
827,Player_47
827,Player_7
827,Player_19
827,Player_4
828,Player_43
828,Player_25
828,Player_12
828,Player_48
829,Player_15
829,Player_3
829,Player_31
829,Player_37
830,Player_49
830,Player_29
830,Player_18
830,Player_24
831,Player_34
831,Player_3
831,Player_7
831,Player_8
832,Player_43
832,Player_37
832,Player_18
832,Player_41
833,Player_10
833,Player_17
833,Player_19
833,Player_31
834,Player_30
834,Player_29
834,Player_40
834,Player_4
835,Player_1
835,Player_10
835,Player_9
835,Player_37
836,Player_18
836,Player_32
836,Player_22
836,Player_27
837,Player_27
837,Player_28
837,Player_39
837,Player_48
838,Player_33
838,Player_14
838,Player_32
838,Player_34
839,Player_40
839,Player_23
839,Player_22
839,Player_5
840,Player_34
840,Player_6
840,Player_36
840,Player_35
841,Player_30
841,Player_42
841,Player_16
841,Player_4
842,Player_33
842,Player_21
842,Player_19
842,Player_39
843,Player_5
843,Player_42
843,Player_13
843,Player_41
844,Player_35
844,Player_16
844,Player_46
844,Player_29
845,Player_27
845,Player_8
845,Player_10
845,Player_13
846,Player_39
846,Player_34
846,Player_22
846,Player_48
847,Player_19
847,Player_11
847,Player_48
847,Player_45
848,Player_25
848,Player_8
848,Player_33
848,Player_46
849,Player_24
849,Player_48
849,Player_6
849,Player_19
850,Player_19
850,Player_24
850,Player_45
850,Player_48
851,Player_14
851,Player_44
851,Player_7
851,Player_38
852,Player_23
852,Player_27
852,Player_47
852,Player_46
853,Player_33
853,Player_20
853,Player_17
853,Player_14
854,Player_26
854,Player_36
854,Player_34
854,Player_1
855,Player_49
855,Player_39
855,Player_22
855,Player_35
856,Player_37
856,Player_35
856,Player_48
856,Player_2
857,Player_10
857,Player_44
857,Player_13
857,Player_11
858,Player_24
858,Player_34
858,Player_46
858,Player_36
859,Player_49
859,Player_20
859,Player_9
859,Player_8
860,Player_1
860,Player_14
860,Player_49
860,Player_47
861,Player_36
861,Player_14
861,Player_7
861,Player_4
862,Player_11
862,Player_9
862,Player_41
862,Player_10
863,Player_9
863,Player_11
863,Player_41
863,Player_27
864,Player_44
864,Player_29
864,Player_15
864,Player_39
865,Player_25
865,Player_8
865,Player_42
865,Player_46
866,Player_49
866,Player_30
866,Player_2
866,Player_17
867,Player_47
867,Player_12
867,Player_33
867,Player_14
868,Player_16
868,Player_12
868,Player_8
868,Player_29
869,Player_27
869,Player_12
869,Player_36
869,Player_1
870,Player_38
870,Player_33
870,Player_14
870,Player_7
871,Player_17
871,Player_11
871,Player_37
871,Player_47
872,Player_19
872,Player_39
872,Player_5
872,Player_38
873,Player_21
873,Player_32
873,Player_33
873,Player_19
874,Player_39
874,Player_29
874,Player_24
874,Player_48
875,Player_29
875,Player_21
875,Player_3
875,Player_16
876,Player_42
876,Player_22
876,Player_32
876,Player_40
877,Player_4
877,Player_9
877,Player_46
877,Player_35
878,Player_19
878,Player_22
878,Player_31
878,Player_25
879,Player_29
879,Player_45
879,Player_24
879,Player_30
880,Player_42
880,Player_4
880,Player_25
880,Player_10
881,Player_30
881,Player_32
881,Player_19
881,Player_36
882,Player_22
882,Player_4
882,Player_2
882,Player_33
883,Player_2
883,Player_33
883,Player_5
883,Player_12
884,Player_26
884,Player_14
884,Player_30
884,Player_47
885,Player_17
885,Player_20
885,Player_15
885,Player_44
886,Player_28
886,Player_17
886,Player_23
886,Player_4
887,Player_15
887,Player_16
887,Player_42
887,Player_30
888,Player_7
888,Player_17
888,Player_24
888,Player_1
889,Player_26
889,Player_17
889,Player_41
889,Player_49
890,Player_13
890,Player_3
890,Player_36
890,Player_32
891,Player_24
891,Player_31
891,Player_37
891,Player_10
892,Player_1
892,Player_30
892,Player_5
892,Player_4
893,Player_6
893,Player_16
893,Player_19
893,Player_5
894,Player_22
894,Player_9
894,Player_5
894,Player_17
895,Player_21
895,Player_35
895,Player_24
895,Player_15
896,Player_17
896,Player_1
896,Player_18
896,Player_8
897,Player_12
897,Player_10
897,Player_42
897,Player_20
898,Player_44
898,Player_37
898,Player_2
898,Player_23
899,Player_14
899,Player_48
899,Player_41
899,Player_29
900,Player_34
900,Player_22
900,Player_7
900,Player_3
901,Player_43
901,Player_33
901,Player_20
901,Player_2
902,Player_8
902,Player_29
902,Player_49
902,Player_23
903,Player_40
903,Player_2
903,Player_8
903,Player_17
904,Player_16
904,Player_1
904,Player_6
904,Player_45
905,Player_25
905,Player_10
905,Player_3
905,Player_36
906,Player_40
906,Player_1
906,Player_48
906,Player_10
907,Player_23
907,Player_31
907,Player_36
907,Player_25
908,Player_46
908,Player_32
908,Player_10
908,Player_31
909,Player_49
909,Player_13
909,Player_26
909,Player_48
910,Player_6
910,Player_37
910,Player_29
910,Player_12
911,Player_36
911,Player_15
911,Player_26
911,Player_22
912,Player_1
912,Player_43
912,Player_27
912,Player_5
913,Player_9
913,Player_35
913,Player_48
913,Player_39
914,Player_26
914,Player_21
914,Player_39
914,Player_12
915,Player_17
915,Player_38
915,Player_25
915,Player_34
916,Player_6
916,Player_4
916,Player_10
916,Player_15
917,Player_2
917,Player_6
917,Player_11
917,Player_44
918,Player_24
918,Player_18
918,Player_46
918,Player_39
919,Player_41
919,Player_7
919,Player_22
919,Player_32
920,Player_49
920,Player_12
920,Player_14
920,Player_47
921,Player_15
921,Player_11
921,Player_7
921,Player_31
922,Player_40
922,Player_42
922,Player_46
922,Player_9
923,Player_44
923,Player_4
923,Player_13
923,Player_6
924,Player_18
924,Player_49
924,Player_11
924,Player_39
925,Player_13
925,Player_2
925,Player_21
925,Player_41
926,Player_38
926,Player_24
926,Player_37
926,Player_25
927,Player_40
927,Player_28
927,Player_35
927,Player_1
928,Player_7
928,Player_19
928,Player_48
928,Player_23
929,Player_15
929,Player_14
929,Player_22
929,Player_25
930,Player_4
930,Player_38
930,Player_33
930,Player_10
931,Player_8
931,Player_5
931,Player_29
931,Player_23
932,Player_21
932,Player_3
932,Player_45
932,Player_7
933,Player_8
933,Player_45
933,Player_16
933,Player_6
934,Player_22
934,Player_49
934,Player_14
934,Player_4
935,Player_19
935,Player_31
935,Player_30
935,Player_33
936,Player_35
936,Player_40
936,Player_9
936,Player_18
937,Player_28
937,Player_40
937,Player_43
937,Player_10
938,Player_26
938,Player_29
938,Player_37
938,Player_27
939,Player_38
939,Player_41
939,Player_43
939,Player_36
940,Player_29
940,Player_5
940,Player_33
940,Player_24
941,Player_27
941,Player_36
941,Player_40
941,Player_12
942,Player_42
942,Player_49
942,Player_19
942,Player_28
943,Player_2
943,Player_5
943,Player_25
943,Player_36
944,Player_25
944,Player_21
944,Player_6
944,Player_13
945,Player_9
945,Player_36
945,Player_33
945,Player_18
946,Player_35
946,Player_27
946,Player_32
946,Player_15
947,Player_14
947,Player_23
947,Player_16
947,Player_13
948,Player_18
948,Player_30
948,Player_6
948,Player_40
949,Player_49
949,Player_29
949,Player_17
949,Player_44
950,Player_21
950,Player_30
950,Player_8
950,Player_14
951,Player_8
951,Player_25
951,Player_17
951,Player_23
952,Player_8
952,Player_2
952,Player_25
952,Player_39
953,Player_9
953,Player_33
953,Player_5
953,Player_40
954,Player_26
954,Player_30
954,Player_12
954,Player_33
955,Player_25
955,Player_44
955,Player_27
955,Player_6
956,Player_26
956,Player_16
956,Player_37
956,Player_35
957,Player_24
957,Player_46
957,Player_39
957,Player_38
958,Player_13
958,Player_19
958,Player_3
958,Player_17
959,Player_17
959,Player_48
959,Player_41
959,Player_37
960,Player_48
960,Player_29
960,Player_10
960,Player_26
961,Player_8
961,Player_12
961,Player_29
961,Player_42
962,Player_21
962,Player_31
962,Player_27
962,Player_2
963,Player_6
963,Player_34
963,Player_2
963,Player_43
964,Player_34
964,Player_38
964,Player_26
964,Player_24
965,Player_31
965,Player_38
965,Player_19
965,Player_15
966,Player_11
966,Player_1
966,Player_16
966,Player_45
967,Player_14
967,Player_40
967,Player_13
967,Player_41
968,Player_13
968,Player_20
968,Player_7
968,Player_16
969,Player_22
969,Player_4
969,Player_12
969,Player_47
970,Player_48
970,Player_36
970,Player_9
970,Player_11
971,Player_45
971,Player_7
971,Player_44
971,Player_48
972,Player_39
972,Player_25
972,Player_9
972,Player_29
973,Player_34
973,Player_37
973,Player_18
973,Player_41
974,Player_26
974,Player_18
974,Player_17
974,Player_4
975,Player_44
975,Player_33
975,Player_41
975,Player_47
976,Player_14
976,Player_40
976,Player_29
976,Player_46
977,Player_43
977,Player_48
977,Player_13
977,Player_2
978,Player_46
978,Player_37
978,Player_17
978,Player_7
979,Player_35
979,Player_33
979,Player_28
979,Player_1
980,Player_1
980,Player_9
980,Player_12
980,Player_15
981,Player_20
981,Player_5
981,Player_28
981,Player_21
982,Player_13
982,Player_46
982,Player_8
982,Player_30
983,Player_1
983,Player_48
983,Player_24
983,Player_45
984,Player_3
984,Player_28
984,Player_5
984,Player_49
985,Player_11
985,Player_1
985,Player_3
985,Player_33
986,Player_25
986,Player_44
986,Player_1
986,Player_49
987,Player_49
987,Player_18
987,Player_31
987,Player_35
988,Player_25
988,Player_30
988,Player_47
988,Player_48
989,Player_13
989,Player_38
989,Player_31
989,Player_10
990,Player_16
990,Player_37
990,Player_34
990,Player_13
991,Player_9
991,Player_49
991,Player_36
991,Player_39
992,Player_5
992,Player_1
992,Player_41
992,Player_8
993,Player_2
993,Player_28
993,Player_22
993,Player_6
994,Player_26
994,Player_6
994,Player_47
994,Player_8
995,Player_16
995,Player_1
995,Player_17
995,Player_5
996,Player_29
996,Player_3
996,Player_12
996,Player_42
997,Player_11
997,Player_10
997,Player_18
997,Player_39
998,Player_41
998,Player_44
998,Player_37
998,Player_43
999,Player_45
999,Player_28
999,Player_33
999,Player_42
1000,Player_3
1000,Player_9
1000,Player_36
1000,Player_13
