ViewerID,Team
1,Team_11
1,Team_7
1,Team_4
2,Team_16
2,Team_4
2,Team_19
3,Team_2
3,Team_14
3,Team_4
4,Team_6
4,Team_3
4,Team_12
5,Team_17
5,Team_10
5,Team_9
6,Team_4
6,Team_3
6,Team_14
7,Team_9
7,Team_8
7,Team_15
8,Team_9
8,Team_10
8,Team_11
9,Team_9
9,Team_2
9,Team_16
10,Team_2
10,Team_9
10,Team_10
11,Team_15
11,Team_8
11,Team_6
12,Team_1
12,Team_15
12,Team_8
13,Team_8
13,Team_12
13,Team_15
14,Team_6
14,Team_10
14,Team_15
15,Team_15
15,Team_7
15,Team_5
16,Team_8
16,Team_11
16,Team_1
17,Team_9
17,Team_12
17,Team_7
18,Team_16
18,Team_9
18,Team_17
19,Team_11
19,Team_5
19,Team_2
20,Team_9
20,Team_8
20,Team_11
21,Team_8
21,Team_12
21,Team_13
22,Team_6
22,Team_3
22,Team_18
23,Team_4
23,Team_3
23,Team_14
24,Team_10
24,Team_7
24,Team_18
25,Team_16
25,Team_10
25,Team_19
26,Team_3
26,Team_16
26,Team_15
27,Team_4
27,Team_15
27,Team_19
28,Team_11
28,Team_10
28,Team_12
29,Team_19
29,Team_12
29,Team_10
30,Team_9
30,Team_3
30,Team_4
31,Team_11
31,Team_15
31,Team_14
32,Team_11
32,Team_10
32,Team_15
33,Team_2
33,Team_10
33,Team_15
34,Team_1
34,Team_15
34,Team_2
35,Team_9
35,Team_14
35,Team_16
36,Team_19
36,Team_9
36,Team_15
37,Team_5
37,Team_12
37,Team_7
38,Team_14
38,Team_4
38,Team_2
39,Team_9
39,Team_10
39,Team_3
40,Team_16
40,Team_5
40,Team_17
41,Team_12
41,Team_1
41,Team_5
42,Team_18
42,Team_10
42,Team_8
43,Team_8
43,Team_15
43,Team_13
44,Team_9
44,Team_12
44,Team_5
45,Team_3
45,Team_15
45,Team_2
46,Team_1
46,Team_9
46,Team_8
47,Team_19
47,Team_6
47,Team_2
48,Team_11
48,Team_5
48,Team_6
49,Team_14
49,Team_16
49,Team_11
50,Team_19
50,Team_16
50,Team_2
51,Team_10
51,Team_15
51,Team_17
52,Team_19
52,Team_6
52,Team_4
53,Team_19
53,Team_11
53,Team_6
54,Team_13
54,Team_7
54,Team_5
55,Team_6
55,Team_8
55,Team_2
56,Team_12
56,Team_4
56,Team_17
57,Team_12
57,Team_18
57,Team_5
58,Team_3
58,Team_11
58,Team_10
59,Team_10
59,Team_16
59,Team_19
60,Team_10
60,Team_14
60,Team_3
61,Team_15
61,Team_19
61,Team_11
62,Team_8
62,Team_14
62,Team_10
63,Team_12
63,Team_11
63,Team_2
64,Team_16
64,Team_14
64,Team_15
65,Team_3
65,Team_5
65,Team_7
66,Team_3
66,Team_17
66,Team_13
67,Team_5
67,Team_11
67,Team_4
68,Team_3
68,Team_2
68,Team_4
69,Team_14
69,Team_13
69,Team_12
70,Team_19
70,Team_1
70,Team_12
71,Team_7
71,Team_5
71,Team_19
72,Team_6
72,Team_16
72,Team_18
73,Team_10
73,Team_7
73,Team_19
74,Team_16
74,Team_8
74,Team_1
75,Team_8
75,Team_10
75,Team_17
76,Team_3
76,Team_8
76,Team_2
77,Team_4
77,Team_8
77,Team_5
78,Team_4
78,Team_1
78,Team_3
79,Team_5
79,Team_8
79,Team_3
80,Team_16
80,Team_12
80,Team_11
81,Team_8
81,Team_16
81,Team_3
82,Team_3
82,Team_11
82,Team_18
83,Team_16
83,Team_1
83,Team_5
84,Team_5
84,Team_9
84,Team_1
85,Team_5
85,Team_9
85,Team_17
86,Team_19
86,Team_1
86,Team_12
87,Team_8
87,Team_10
87,Team_12
88,Team_18
88,Team_2
88,Team_13
89,Team_16
89,Team_18
89,Team_17
90,Team_11
90,Team_17
90,Team_18
91,Team_9
91,Team_1
91,Team_19
92,Team_18
92,Team_3
92,Team_6
93,Team_14
93,Team_10
93,Team_15
94,Team_10
94,Team_17
94,Team_18
95,Team_9
95,Team_12
95,Team_14
96,Team_8
96,Team_5
96,Team_7
97,Team_4
97,Team_9
97,Team_1
98,Team_6
98,Team_1
98,Team_18
99,Team_5
99,Team_11
99,Team_2
100,Team_6
100,Team_18
100,Team_8
101,Team_6
101,Team_9
101,Team_8
102,Team_8
102,Team_13
102,Team_6
103,Team_13
103,Team_10
103,Team_15
104,Team_16
104,Team_18
104,Team_9
105,Team_14
105,Team_5
105,Team_7
106,Team_10
106,Team_16
106,Team_1
107,Team_16
107,Team_9
107,Team_8
108,Team_19
108,Team_10
108,Team_1
109,Team_8
109,Team_18
109,Team_13
110,Team_7
110,Team_17
110,Team_19
111,Team_9
111,Team_10
111,Team_12
112,Team_13
112,Team_5
112,Team_6
113,Team_16
113,Team_15
113,Team_18
114,Team_6
114,Team_19
114,Team_7
115,Team_4
115,Team_11
115,Team_10
116,Team_15
116,Team_14
116,Team_19
117,Team_14
117,Team_4
117,Team_6
118,Team_11
118,Team_19
118,Team_17
119,Team_8
119,Team_3
119,Team_10
120,Team_1
120,Team_14
120,Team_5
121,Team_13
121,Team_16
121,Team_10
122,Team_18
122,Team_15
122,Team_12
123,Team_16
123,Team_8
123,Team_10
124,Team_10
124,Team_6
124,Team_2
125,Team_13
125,Team_1
125,Team_4
126,Team_8
126,Team_12
126,Team_1
127,Team_14
127,Team_6
127,Team_17
128,Team_9
128,Team_12
128,Team_19
129,Team_9
129,Team_10
129,Team_8
130,Team_6
130,Team_11
130,Team_17
131,Team_12
131,Team_10
131,Team_1
132,Team_5
132,Team_4
132,Team_13
133,Team_6
133,Team_12
133,Team_7
134,Team_13
134,Team_3
134,Team_11
135,Team_15
135,Team_3
135,Team_11
136,Team_2
136,Team_13
136,Team_5
137,Team_8
137,Team_1
137,Team_2
138,Team_11
138,Team_14
138,Team_6
139,Team_15
139,Team_8
139,Team_7
140,Team_10
140,Team_6
140,Team_2
141,Team_2
141,Team_3
141,Team_1
142,Team_14
142,Team_6
142,Team_5
143,Team_2
143,Team_7
143,Team_9
144,Team_4
144,Team_14
144,Team_6
145,Team_6
145,Team_10
145,Team_7
146,Team_5
146,Team_19
146,Team_8
147,Team_15
147,Team_17
147,Team_4
148,Team_7
148,Team_2
148,Team_9
149,Team_16
149,Team_12
149,Team_2
150,Team_2
150,Team_16
150,Team_9
151,Team_1
151,Team_6
151,Team_15
152,Team_1
152,Team_9
152,Team_16
153,Team_2
153,Team_17
153,Team_16
154,Team_7
154,Team_8
154,Team_9
155,Team_9
155,Team_11
155,Team_10
156,Team_15
156,Team_11
156,Team_17
157,Team_17
157,Team_9
157,Team_6
158,Team_7
158,Team_9
158,Team_2
159,Team_7
159,Team_17
159,Team_19
160,Team_1
160,Team_13
160,Team_3
161,Team_18
161,Team_1
161,Team_10
162,Team_11
162,Team_19
162,Team_3
163,Team_3
163,Team_14
163,Team_9
164,Team_16
164,Team_6
164,Team_2
165,Team_17
165,Team_7
165,Team_19
166,Team_11
166,Team_13
166,Team_6
167,Team_9
167,Team_14
167,Team_12
168,Team_3
168,Team_2
168,Team_18
169,Team_9
169,Team_11
169,Team_13
170,Team_6
170,Team_15
170,Team_9
171,Team_9
171,Team_11
171,Team_18
172,Team_9
172,Team_17
172,Team_1
173,Team_10
173,Team_12
173,Team_15
174,Team_9
174,Team_8
174,Team_15
175,Team_7
175,Team_16
175,Team_13
176,Team_10
176,Team_19
176,Team_11
177,Team_15
177,Team_10
177,Team_14
178,Team_7
178,Team_13
178,Team_4
179,Team_19
179,Team_15
179,Team_4
180,Team_7
180,Team_1
180,Team_18
181,Team_13
181,Team_9
181,Team_7
182,Team_12
182,Team_16
182,Team_19
183,Team_18
183,Team_3
183,Team_2
184,Team_17
184,Team_3
184,Team_14
185,Team_17
185,Team_4
185,Team_14
186,Team_9
186,Team_12
186,Team_7
187,Team_3
187,Team_19
187,Team_11
188,Team_7
188,Team_8
188,Team_12
189,Team_15
189,Team_9
189,Team_2
190,Team_3
190,Team_7
190,Team_8
191,Team_2
191,Team_10
191,Team_17
192,Team_6
192,Team_13
192,Team_15
193,Team_13
193,Team_1
193,Team_6
194,Team_3
194,Team_2
194,Team_17
195,Team_5
195,Team_3
195,Team_12
196,Team_18
196,Team_5
196,Team_10
197,Team_8
197,Team_1
197,Team_7
198,Team_11
198,Team_4
198,Team_10
199,Team_5
199,Team_1
199,Team_13
200,Team_19
200,Team_7
200,Team_4
201,Team_15
201,Team_3
201,Team_2
202,Team_10
202,Team_18
202,Team_19
203,Team_1
203,Team_3
203,Team_5
204,Team_1
204,Team_5
204,Team_15
205,Team_4
205,Team_9
205,Team_10
206,Team_1
206,Team_4
206,Team_12
207,Team_7
207,Team_18
207,Team_9
208,Team_11
208,Team_15
208,Team_13
209,Team_9
209,Team_10
209,Team_6
210,Team_8
210,Team_17
210,Team_18
211,Team_9
211,Team_10
211,Team_14
212,Team_12
212,Team_7
212,Team_19
213,Team_2
213,Team_11
213,Team_19
214,Team_3
214,Team_13
214,Team_9
215,Team_9
215,Team_10
215,Team_8
216,Team_15
216,Team_9
216,Team_8
217,Team_2
217,Team_4
217,Team_17
218,Team_8
218,Team_4
218,Team_19
219,Team_12
219,Team_15
219,Team_11
220,Team_5
220,Team_13
220,Team_8
221,Team_6
221,Team_11
221,Team_15
222,Team_14
222,Team_15
222,Team_16
223,Team_1
223,Team_2
223,Team_7
224,Team_11
224,Team_9
224,Team_1
225,Team_14
225,Team_5
225,Team_9
226,Team_11
226,Team_19
226,Team_8
227,Team_14
227,Team_18
227,Team_4
228,Team_17
228,Team_11
228,Team_7
229,Team_13
229,Team_3
229,Team_12
230,Team_17
230,Team_13
230,Team_19
231,Team_3
231,Team_14
231,Team_16
232,Team_6
232,Team_15
232,Team_16
233,Team_13
233,Team_1
233,Team_12
234,Team_16
234,Team_2
234,Team_4
235,Team_4
235,Team_5
235,Team_8
236,Team_14
236,Team_3
236,Team_2
237,Team_17
237,Team_15
237,Team_11
238,Team_19
238,Team_15
238,Team_8
239,Team_17
239,Team_6
239,Team_10
240,Team_18
240,Team_5
240,Team_7
241,Team_18
241,Team_15
241,Team_4
242,Team_7
242,Team_11
242,Team_10
243,Team_3
243,Team_8
243,Team_15
244,Team_18
244,Team_15
244,Team_14
245,Team_8
245,Team_9
245,Team_16
246,Team_8
246,Team_7
246,Team_10
247,Team_3
247,Team_12
247,Team_8
248,Team_19
248,Team_16
248,Team_11
249,Team_18
249,Team_17
249,Team_19
250,Team_17
250,Team_13
250,Team_11
251,Team_3
251,Team_18
251,Team_12
252,Team_14
252,Team_16
252,Team_18
253,Team_19
253,Team_18
253,Team_10
254,Team_8
254,Team_4
254,Team_12
255,Team_1
255,Team_3
255,Team_9
256,Team_14
256,Team_13
256,Team_11
257,Team_4
257,Team_17
257,Team_14
258,Team_11
258,Team_19
258,Team_2
259,Team_13
259,Team_3
259,Team_5
260,Team_11
260,Team_13
260,Team_14
261,Team_13
261,Team_19
261,Team_12
262,Team_13
262,Team_7
262,Team_1
263,Team_4
263,Team_19
263,Team_5
264,Team_7
264,Team_19
264,Team_1
265,Team_2
265,Team_8
265,Team_16
266,Team_11
266,Team_3
266,Team_9
267,Team_5
267,Team_7
267,Team_4
268,Team_2
268,Team_16
268,Team_11
269,Team_7
269,Team_4
269,Team_1
270,Team_11
270,Team_4
270,Team_15
271,Team_12
271,Team_3
271,Team_8
272,Team_5
272,Team_17
272,Team_12
273,Team_9
273,Team_16
273,Team_18
274,Team_2
274,Team_6
274,Team_8
275,Team_12
275,Team_15
275,Team_3
276,Team_1
276,Team_13
276,Team_2
277,Team_12
277,Team_4
277,Team_3
278,Team_18
278,Team_5
278,Team_10
279,Team_13
279,Team_11
279,Team_8
280,Team_10
280,Team_17
280,Team_15
281,Team_9
281,Team_5
281,Team_18
282,Team_18
282,Team_8
282,Team_15
283,Team_16
283,Team_13
283,Team_7
284,Team_6
284,Team_1
284,Team_7
285,Team_1
285,Team_15
285,Team_11
286,Team_8
286,Team_12
286,Team_6
287,Team_16
287,Team_18
287,Team_15
288,Team_2
288,Team_5
288,Team_1
289,Team_16
289,Team_4
289,Team_2
290,Team_7
290,Team_5
290,Team_13
291,Team_9
291,Team_4
291,Team_7
292,Team_8
292,Team_11
292,Team_19
293,Team_8
293,Team_1
293,Team_18
294,Team_9
294,Team_19
294,Team_8
295,Team_14
295,Team_15
295,Team_1
296,Team_7
296,Team_8
296,Team_5
297,Team_17
297,Team_11
297,Team_7
298,Team_16
298,Team_5
298,Team_14
299,Team_18
299,Team_2
299,Team_11
300,Team_12
300,Team_6
300,Team_17
301,Team_17
301,Team_6
301,Team_18
302,Team_1
302,Team_18
302,Team_16
303,Team_7
303,Team_8
303,Team_16
304,Team_15
304,Team_9
304,Team_2
305,Team_15
305,Team_13
305,Team_19
306,Team_19
306,Team_2
306,Team_5
307,Team_14
307,Team_8
307,Team_16
308,Team_19
308,Team_1
308,Team_14
309,Team_15
309,Team_16
309,Team_6
310,Team_13
310,Team_6
310,Team_18
311,Team_18
311,Team_1
311,Team_16
312,Team_15
312,Team_13
312,Team_8
313,Team_17
313,Team_14
313,Team_18
314,Team_2
314,Team_8
314,Team_4
315,Team_13
315,Team_5
315,Team_6
316,Team_16
316,Team_11
316,Team_14
317,Team_14
317,Team_18
317,Team_6
318,Team_19
318,Team_15
318,Team_14
319,Team_15
319,Team_6
319,Team_5
320,Team_16
320,Team_17
320,Team_19
321,Team_8
321,Team_7
321,Team_14
322,Team_13
322,Team_11
322,Team_4
323,Team_7
323,Team_18
323,Team_12
324,Team_16
324,Team_1
324,Team_13
325,Team_8
325,Team_2
325,Team_13
326,Team_8
326,Team_14
326,Team_9
327,Team_10
327,Team_16
327,Team_18
328,Team_14
328,Team_3
328,Team_19
329,Team_16
329,Team_15
329,Team_19
330,Team_17
330,Team_2
330,Team_7
331,Team_19
331,Team_8
331,Team_15
332,Team_13
332,Team_18
332,Team_7
333,Team_14
333,Team_8
333,Team_2
334,Team_18
334,Team_14
334,Team_7
335,Team_6
335,Team_13
335,Team_2
336,Team_17
336,Team_19
336,Team_1
337,Team_16
337,Team_18
337,Team_17
338,Team_5
338,Team_19
338,Team_3
339,Team_1
339,Team_11
339,Team_9
340,Team_10
340,Team_17
340,Team_18
341,Team_15
341,Team_14
341,Team_17
342,Team_9
342,Team_11
342,Team_19
343,Team_3
343,Team_11
343,Team_1
344,Team_7
344,Team_17
344,Team_19
345,Team_10
345,Team_5
345,Team_6
346,Team_12
346,Team_4
346,Team_10
347,Team_12
347,Team_17
347,Team_18
348,Team_11
348,Team_19
348,Team_1
349,Team_12
349,Team_15
349,Team_7
350,Team_12
350,Team_2
350,Team_17
351,Team_10
351,Team_16
351,Team_6
352,Team_6
352,Team_10
352,Team_5
353,Team_19
353,Team_18
353,Team_16
354,Team_18
354,Team_7
354,Team_8
355,Team_5
355,Team_17
355,Team_11
356,Team_15
356,Team_8
356,Team_7
357,Team_10
357,Team_3
357,Team_12
358,Team_9
358,Team_8
358,Team_17
359,Team_15
359,Team_2
359,Team_12
360,Team_3
360,Team_8
360,Team_17
361,Team_4
361,Team_16
361,Team_10
362,Team_18
362,Team_1
362,Team_19
363,Team_9
363,Team_1
363,Team_14
364,Team_6
364,Team_13
364,Team_3
365,Team_2
365,Team_8
365,Team_16
366,Team_17
366,Team_2
366,Team_8
367,Team_14
367,Team_9
367,Team_12
368,Team_8
368,Team_7
368,Team_18
369,Team_17
369,Team_19
369,Team_15
370,Team_9
370,Team_1
370,Team_6
371,Team_17
371,Team_3
371,Team_11
372,Team_7
372,Team_1
372,Team_5
373,Team_4
373,Team_17
373,Team_16
374,Team_9
374,Team_8
374,Team_2
375,Team_19
375,Team_11
375,Team_1
376,Team_10
376,Team_19
376,Team_6
377,Team_13
377,Team_14
377,Team_17
378,Team_1
378,Team_6
378,Team_15
379,Team_15
379,Team_9
379,Team_17
380,Team_5
380,Team_9
380,Team_14
381,Team_18
381,Team_14
381,Team_13
382,Team_6
382,Team_5
382,Team_17
383,Team_2
383,Team_8
383,Team_15
384,Team_11
384,Team_12
384,Team_6
385,Team_9
385,Team_12
385,Team_3
386,Team_5
386,Team_13
386,Team_1
387,Team_19
387,Team_15
387,Team_4
388,Team_16
388,Team_11
388,Team_6
389,Team_7
389,Team_8
389,Team_11
390,Team_1
390,Team_17
390,Team_19
391,Team_13
391,Team_5
391,Team_10
392,Team_19
392,Team_3
392,Team_14
393,Team_5
393,Team_1
393,Team_17
394,Team_16
394,Team_8
394,Team_17
395,Team_5
395,Team_11
395,Team_14
396,Team_14
396,Team_13
396,Team_4
397,Team_13
397,Team_7
397,Team_19
398,Team_18
398,Team_7
398,Team_3
399,Team_5
399,Team_11
399,Team_10
400,Team_11
400,Team_6
400,Team_14
401,Team_5
401,Team_15
401,Team_9
402,Team_18
402,Team_16
402,Team_17
403,Team_10
403,Team_4
403,Team_7
404,Team_6
404,Team_5
404,Team_11
405,Team_13
405,Team_18
405,Team_1
406,Team_10
406,Team_19
406,Team_7
407,Team_13
407,Team_19
407,Team_2
408,Team_15
408,Team_8
408,Team_19
409,Team_18
409,Team_8
409,Team_10
410,Team_16
410,Team_7
410,Team_17
411,Team_10
411,Team_11
411,Team_2
412,Team_15
412,Team_8
412,Team_14
413,Team_5
413,Team_15
413,Team_8
414,Team_1
414,Team_9
414,Team_3
415,Team_11
415,Team_6
415,Team_15
416,Team_9
416,Team_2
416,Team_8
417,Team_16
417,Team_2
417,Team_11
418,Team_9
418,Team_11
418,Team_4
419,Team_7
419,Team_17
419,Team_15
420,Team_14
420,Team_12
420,Team_2
421,Team_13
421,Team_12
421,Team_16
422,Team_18
422,Team_14
422,Team_8
423,Team_16
423,Team_17
423,Team_15
424,Team_15
424,Team_18
424,Team_5
425,Team_1
425,Team_9
425,Team_3
426,Team_5
426,Team_12
426,Team_3
427,Team_12
427,Team_9
427,Team_15
428,Team_19
428,Team_10
428,Team_8
429,Team_1
429,Team_15
429,Team_14
430,Team_12
430,Team_9
430,Team_11
431,Team_17
431,Team_10
431,Team_18
432,Team_15
432,Team_17
432,Team_10
433,Team_5
433,Team_6
433,Team_18
434,Team_1
434,Team_4
434,Team_18
435,Team_18
435,Team_19
435,Team_12
436,Team_18
436,Team_3
436,Team_2
437,Team_18
437,Team_13
437,Team_1
438,Team_4
438,Team_5
438,Team_6
439,Team_4
439,Team_17
439,Team_9
440,Team_17
440,Team_4
440,Team_12
441,Team_16
441,Team_4
441,Team_6
442,Team_18
442,Team_6
442,Team_12
443,Team_16
443,Team_3
443,Team_8
444,Team_3
444,Team_12
444,Team_17
445,Team_16
445,Team_11
445,Team_15
446,Team_19
446,Team_12
446,Team_1
447,Team_6
447,Team_16
447,Team_3
448,Team_16
448,Team_14
448,Team_1
449,Team_13
449,Team_1
449,Team_9
450,Team_10
450,Team_5
450,Team_2
451,Team_2
451,Team_14
451,Team_17
452,Team_3
452,Team_2
452,Team_17
453,Team_16
453,Team_5
453,Team_3
454,Team_6
454,Team_4
454,Team_2
455,Team_15
455,Team_1
455,Team_7
456,Team_3
456,Team_16
456,Team_14
457,Team_13
457,Team_1
457,Team_12
458,Team_15
458,Team_16
458,Team_4
459,Team_14
459,Team_12
459,Team_3
460,Team_18
460,Team_3
460,Team_12
461,Team_12
461,Team_13
461,Team_18
462,Team_8
462,Team_16
462,Team_3
463,Team_10
463,Team_14
463,Team_16
464,Team_4
464,Team_19
464,Team_7
465,Team_5
465,Team_7
465,Team_13
466,Team_14
466,Team_18
466,Team_4
467,Team_10
467,Team_7
467,Team_12
468,Team_10
468,Team_8
468,Team_16
469,Team_9
469,Team_10
469,Team_15
470,Team_19
470,Team_9
470,Team_11
471,Team_11
471,Team_7
471,Team_12
472,Team_13
472,Team_18
472,Team_19
473,Team_2
473,Team_11
473,Team_3
474,Team_9
474,Team_17
474,Team_5
475,Team_10
475,Team_14
475,Team_4
476,Team_14
476,Team_6
476,Team_17
477,Team_5
477,Team_18
477,Team_4
478,Team_7
478,Team_9
478,Team_5
479,Team_14
479,Team_3
479,Team_13
480,Team_15
480,Team_7
480,Team_16
481,Team_7
481,Team_8
481,Team_17
482,Team_14
482,Team_9
482,Team_7
483,Team_10
483,Team_5
483,Team_1
484,Team_14
484,Team_18
484,Team_2
485,Team_13
485,Team_17
485,Team_7
486,Team_10
486,Team_6
486,Team_14
487,Team_14
487,Team_7
487,Team_17
488,Team_18
488,Team_1
488,Team_17
489,Team_14
489,Team_8
489,Team_4
490,Team_13
490,Team_4
490,Team_17
491,Team_15
491,Team_17
491,Team_1
492,Team_5
492,Team_8
492,Team_16
493,Team_12
493,Team_8
493,Team_4
494,Team_13
494,Team_7
494,Team_16
495,Team_19
495,Team_3
495,Team_8
496,Team_11
496,Team_17
496,Team_14
497,Team_19
497,Team_10
497,Team_17
498,Team_8
498,Team_16
498,Team_10
499,Team_5
499,Team_2
499,Team_13
500,Team_9
500,Team_17
500,Team_18
501,Team_16
501,Team_6
501,Team_14
502,Team_9
502,Team_16
502,Team_10
503,Team_5
503,Team_13
503,Team_17
504,Team_16
504,Team_2
504,Team_4
505,Team_14
505,Team_8
505,Team_11
506,Team_14
506,Team_7
506,Team_15
507,Team_6
507,Team_3
507,Team_13
508,Team_12
508,Team_19
508,Team_17
509,Team_9
509,Team_10
509,Team_13
510,Team_8
510,Team_3
510,Team_14
511,Team_10
511,Team_4
511,Team_13
512,Team_1
512,Team_6
512,Team_13
513,Team_16
513,Team_13
513,Team_18
514,Team_1
514,Team_6
514,Team_4
515,Team_6
515,Team_3
515,Team_16
516,Team_5
516,Team_12
516,Team_6
517,Team_7
517,Team_10
517,Team_11
518,Team_8
518,Team_6
518,Team_19
519,Team_1
519,Team_9
519,Team_6
520,Team_10
520,Team_4
520,Team_1
521,Team_16
521,Team_15
521,Team_9
522,Team_17
522,Team_8
522,Team_7
523,Team_19
523,Team_11
523,Team_9
524,Team_15
524,Team_9
524,Team_19
525,Team_1
525,Team_11
525,Team_6
526,Team_13
526,Team_8
526,Team_1
527,Team_1
527,Team_10
527,Team_4
528,Team_12
528,Team_1
528,Team_7
529,Team_3
529,Team_14
529,Team_13
530,Team_14
530,Team_15
530,Team_9
531,Team_8
531,Team_17
531,Team_4
532,Team_9
532,Team_14
532,Team_18
533,Team_10
533,Team_7
533,Team_18
534,Team_5
534,Team_18
534,Team_3
535,Team_5
535,Team_15
535,Team_9
536,Team_5
536,Team_11
536,Team_7
537,Team_1
537,Team_4
537,Team_8
538,Team_14
538,Team_17
538,Team_19
539,Team_10
539,Team_1
539,Team_8
540,Team_18
540,Team_17
540,Team_16
541,Team_9
541,Team_7
541,Team_8
542,Team_19
542,Team_5
542,Team_9
543,Team_6
543,Team_1
543,Team_10
544,Team_18
544,Team_1
544,Team_3
545,Team_11
545,Team_4
545,Team_2
546,Team_1
546,Team_14
546,Team_6
547,Team_1
547,Team_2
547,Team_4
548,Team_6
548,Team_14
548,Team_19
549,Team_14
549,Team_15
549,Team_18
550,Team_9
550,Team_11
550,Team_12
551,Team_2
551,Team_19
551,Team_12
552,Team_14
552,Team_15
552,Team_10
553,Team_2
553,Team_7
553,Team_17
554,Team_17
554,Team_3
554,Team_6
555,Team_1
555,Team_18
555,Team_9
556,Team_4
556,Team_5
556,Team_14
557,Team_12
557,Team_2
557,Team_11
558,Team_1
558,Team_4
558,Team_12
559,Team_18
559,Team_3
559,Team_12
560,Team_18
560,Team_12
560,Team_16
561,Team_4
561,Team_19
561,Team_17
562,Team_7
562,Team_6
562,Team_16
563,Team_6
563,Team_2
563,Team_11
564,Team_16
564,Team_8
564,Team_6
565,Team_17
565,Team_8
565,Team_2
566,Team_19
566,Team_7
566,Team_3
567,Team_17
567,Team_7
567,Team_11
568,Team_17
568,Team_9
568,Team_11
569,Team_7
569,Team_2
569,Team_10
570,Team_18
570,Team_5
570,Team_19
571,Team_1
571,Team_13
571,Team_16
572,Team_3
572,Team_11
572,Team_18
573,Team_12
573,Team_3
573,Team_7
574,Team_8
574,Team_16
574,Team_15
575,Team_14
575,Team_12
575,Team_17
576,Team_6
576,Team_4
576,Team_2
577,Team_12
577,Team_13
577,Team_3
578,Team_4
578,Team_9
578,Team_16
579,Team_10
579,Team_3
579,Team_1
580,Team_3
580,Team_13
580,Team_2
581,Team_17
581,Team_15
581,Team_18
582,Team_1
582,Team_4
582,Team_19
583,Team_1
583,Team_18
583,Team_8
584,Team_14
584,Team_1
584,Team_12
585,Team_17
585,Team_19
585,Team_5
586,Team_17
586,Team_2
586,Team_5
587,Team_5
587,Team_6
587,Team_9
588,Team_15
588,Team_2
588,Team_1
589,Team_1
589,Team_13
589,Team_3
590,Team_11
590,Team_12
590,Team_17
591,Team_12
591,Team_14
591,Team_2
592,Team_2
592,Team_18
592,Team_6
593,Team_9
593,Team_5
593,Team_16
594,Team_1
594,Team_12
594,Team_13
595,Team_14
595,Team_8
595,Team_9
596,Team_12
596,Team_14
596,Team_17
597,Team_5
597,Team_12
597,Team_9
598,Team_18
598,Team_16
598,Team_9
599,Team_14
599,Team_7
599,Team_8
600,Team_13
600,Team_16
600,Team_3
601,Team_10
601,Team_2
601,Team_1
602,Team_17
602,Team_12
602,Team_6
603,Team_14
603,Team_3
603,Team_10
604,Team_13
604,Team_8
604,Team_18
605,Team_19
605,Team_8
605,Team_17
606,Team_12
606,Team_1
606,Team_8
607,Team_11
607,Team_7
607,Team_9
608,Team_17
608,Team_5
608,Team_10
609,Team_11
609,Team_13
609,Team_10
610,Team_16
610,Team_9
610,Team_13
611,Team_12
611,Team_7
611,Team_10
612,Team_12
612,Team_19
612,Team_13
613,Team_9
613,Team_11
613,Team_4
614,Team_16
614,Team_6
614,Team_12
615,Team_3
615,Team_12
615,Team_11
616,Team_16
616,Team_9
616,Team_2
617,Team_17
617,Team_1
617,Team_3
618,Team_17
618,Team_6
618,Team_19
619,Team_19
619,Team_4
619,Team_8
620,Team_10
620,Team_15
620,Team_1
621,Team_5
621,Team_11
621,Team_2
622,Team_6
622,Team_12
622,Team_7
623,Team_19
623,Team_4
623,Team_9
624,Team_13
624,Team_7
624,Team_15
625,Team_8
625,Team_11
625,Team_4
626,Team_13
626,Team_7
626,Team_8
627,Team_4
627,Team_10
627,Team_6
628,Team_18
628,Team_1
628,Team_11
629,Team_17
629,Team_19
629,Team_7
630,Team_4
630,Team_6
630,Team_17
631,Team_11
631,Team_7
631,Team_8
632,Team_16
632,Team_17
632,Team_13
633,Team_13
633,Team_18
633,Team_7
634,Team_11
634,Team_1
634,Team_19
635,Team_8
635,Team_7
635,Team_9
636,Team_15
636,Team_2
636,Team_9
637,Team_6
637,Team_12
637,Team_14
638,Team_2
638,Team_11
638,Team_15
639,Team_18
639,Team_19
639,Team_9
640,Team_7
640,Team_12
640,Team_2
641,Team_8
641,Team_18
641,Team_7
642,Team_1
642,Team_2
642,Team_6
643,Team_5
643,Team_17
643,Team_18
644,Team_15
644,Team_16
644,Team_2
645,Team_3
645,Team_2
645,Team_10
646,Team_19
646,Team_2
646,Team_15
647,Team_1
647,Team_10
647,Team_12
648,Team_15
648,Team_4
648,Team_13
649,Team_9
649,Team_16
649,Team_8
650,Team_15
650,Team_11
650,Team_14
651,Team_19
651,Team_6
651,Team_12
652,Team_15
652,Team_5
652,Team_3
653,Team_6
653,Team_15
653,Team_7
654,Team_6
654,Team_16
654,Team_13
655,Team_16
655,Team_3
655,Team_8
656,Team_1
656,Team_18
656,Team_10
657,Team_4
657,Team_1
657,Team_16
658,Team_11
658,Team_13
658,Team_5
659,Team_10
659,Team_18
659,Team_6
660,Team_12
660,Team_7
660,Team_9
661,Team_10
661,Team_9
661,Team_19
662,Team_13
662,Team_15
662,Team_2
663,Team_18
663,Team_12
663,Team_7
664,Team_6
664,Team_7
664,Team_13
665,Team_9
665,Team_7
665,Team_2
666,Team_8
666,Team_17
666,Team_6
667,Team_10
667,Team_2
667,Team_13
668,Team_9
668,Team_19
668,Team_12
669,Team_12
669,Team_5
669,Team_7
670,Team_8
670,Team_18
670,Team_14
671,Team_12
671,Team_1
671,Team_8
672,Team_15
672,Team_8
672,Team_4
673,Team_15
673,Team_2
673,Team_17
674,Team_19
674,Team_11
674,Team_6
675,Team_19
675,Team_17
675,Team_13
676,Team_17
676,Team_14
676,Team_5
677,Team_5
677,Team_9
677,Team_4
678,Team_1
678,Team_10
678,Team_16
679,Team_2
679,Team_13
679,Team_14
680,Team_8
680,Team_5
680,Team_13
681,Team_2
681,Team_4
681,Team_10
682,Team_9
682,Team_1
682,Team_16
683,Team_15
683,Team_10
683,Team_13
684,Team_15
684,Team_8
684,Team_19
685,Team_15
685,Team_10
685,Team_2
686,Team_6
686,Team_16
686,Team_17
687,Team_7
687,Team_9
687,Team_12
688,Team_2
688,Team_9
688,Team_10
689,Team_14
689,Team_7
689,Team_11
690,Team_4
690,Team_5
690,Team_17
691,Team_15
691,Team_18
691,Team_4
692,Team_17
692,Team_6
692,Team_4
693,Team_3
693,Team_5
693,Team_17
694,Team_2
694,Team_3
694,Team_14
695,Team_17
695,Team_7
695,Team_5
696,Team_9
696,Team_15
696,Team_1
697,Team_4
697,Team_17
697,Team_19
698,Team_6
698,Team_3
698,Team_19
699,Team_13
699,Team_7
699,Team_1
700,Team_7
700,Team_12
700,Team_11
701,Team_13
701,Team_6
701,Team_18
702,Team_17
702,Team_7
702,Team_4
703,Team_15
703,Team_2
703,Team_7
704,Team_5
704,Team_2
704,Team_11
705,Team_4
705,Team_3
705,Team_12
706,Team_5
706,Team_9
706,Team_6
707,Team_6
707,Team_14
707,Team_13
708,Team_17
708,Team_18
708,Team_8
709,Team_1
709,Team_3
709,Team_8
710,Team_16
710,Team_5
710,Team_17
711,Team_6
711,Team_8
711,Team_13
712,Team_2
712,Team_5
712,Team_4
713,Team_2
713,Team_15
713,Team_12
714,Team_7
714,Team_12
714,Team_5
715,Team_10
715,Team_8
715,Team_13
716,Team_18
716,Team_10
716,Team_4
717,Team_4
717,Team_14
717,Team_17
718,Team_8
718,Team_17
718,Team_13
719,Team_5
719,Team_15
719,Team_19
720,Team_13
720,Team_11
720,Team_4
721,Team_12
721,Team_5
721,Team_10
722,Team_17
722,Team_11
722,Team_7
723,Team_16
723,Team_11
723,Team_9
724,Team_13
724,Team_3
724,Team_8
725,Team_2
725,Team_3
725,Team_5
726,Team_5
726,Team_19
726,Team_10
727,Team_16
727,Team_5
727,Team_12
728,Team_18
728,Team_4
728,Team_8
729,Team_15
729,Team_16
729,Team_12
730,Team_9
730,Team_2
730,Team_15
731,Team_16
731,Team_3
731,Team_2
732,Team_10
732,Team_9
732,Team_13
733,Team_8
733,Team_4
733,Team_13
734,Team_8
734,Team_19
734,Team_3
735,Team_7
735,Team_1
735,Team_13
736,Team_3
736,Team_6
736,Team_7
737,Team_13
737,Team_18
737,Team_9
738,Team_13
738,Team_16
738,Team_11
739,Team_15
739,Team_11
739,Team_16
740,Team_6
740,Team_15
740,Team_11
741,Team_12
741,Team_6
741,Team_1
742,Team_10
742,Team_7
742,Team_3
743,Team_9
743,Team_6
743,Team_13
744,Team_8
744,Team_6
744,Team_3
745,Team_14
745,Team_10
745,Team_3
746,Team_9
746,Team_8
746,Team_11
747,Team_18
747,Team_12
747,Team_15
748,Team_17
748,Team_2
748,Team_10
749,Team_7
749,Team_1
749,Team_13
750,Team_6
750,Team_8
750,Team_5
751,Team_3
751,Team_4
751,Team_8
752,Team_13
752,Team_4
752,Team_3
753,Team_6
753,Team_8
753,Team_4
754,Team_11
754,Team_12
754,Team_2
755,Team_19
755,Team_1
755,Team_7
756,Team_17
756,Team_5
756,Team_1
757,Team_12
757,Team_1
757,Team_10
758,Team_15
758,Team_7
758,Team_1
759,Team_11
759,Team_10
759,Team_9
760,Team_18
760,Team_8
760,Team_7
761,Team_3
761,Team_15
761,Team_5
762,Team_10
762,Team_18
762,Team_17
763,Team_7
763,Team_6
763,Team_15
764,Team_19
764,Team_12
764,Team_10
765,Team_11
765,Team_13
765,Team_16
766,Team_10
766,Team_12
766,Team_14
767,Team_9
767,Team_15
767,Team_7
768,Team_13
768,Team_10
768,Team_4
769,Team_10
769,Team_6
769,Team_15
770,Team_8
770,Team_18
770,Team_14
771,Team_13
771,Team_2
771,Team_17
772,Team_1
772,Team_9
772,Team_13
773,Team_7
773,Team_10
773,Team_5
774,Team_8
774,Team_11
774,Team_15
775,Team_13
775,Team_12
775,Team_18
776,Team_11
776,Team_10
776,Team_1
777,Team_11
777,Team_16
777,Team_5
778,Team_14
778,Team_18
778,Team_1
779,Team_17
779,Team_19
779,Team_7
780,Team_1
780,Team_7
780,Team_10
781,Team_11
781,Team_6
781,Team_8
782,Team_13
782,Team_18
782,Team_11
783,Team_12
783,Team_14
783,Team_11
784,Team_4
784,Team_5
784,Team_19
785,Team_16
785,Team_10
785,Team_14
786,Team_19
786,Team_5
786,Team_3
787,Team_16
787,Team_19
787,Team_3
788,Team_1
788,Team_8
788,Team_2
789,Team_5
789,Team_12
789,Team_3
790,Team_19
790,Team_10
790,Team_16
791,Team_16
791,Team_1
791,Team_3
792,Team_18
792,Team_9
792,Team_13
793,Team_10
793,Team_16
793,Team_14
794,Team_14
794,Team_8
794,Team_10
795,Team_18
795,Team_19
795,Team_7
796,Team_11
796,Team_8
796,Team_7
797,Team_10
797,Team_5
797,Team_19
798,Team_2
798,Team_19
798,Team_11
799,Team_19
799,Team_7
799,Team_11
800,Team_18
800,Team_11
800,Team_12
801,Team_16
801,Team_3
801,Team_12
802,Team_19
802,Team_1
802,Team_17
803,Team_8
803,Team_6
803,Team_12
804,Team_14
804,Team_15
804,Team_2
805,Team_11
805,Team_8
805,Team_19
806,Team_19
806,Team_1
806,Team_5
807,Team_15
807,Team_1
807,Team_18
808,Team_6
808,Team_19
808,Team_3
809,Team_3
809,Team_10
809,Team_6
810,Team_10
810,Team_19
810,Team_5
811,Team_18
811,Team_15
811,Team_7
812,Team_11
812,Team_2
812,Team_14
813,Team_1
813,Team_15
813,Team_3
814,Team_13
814,Team_5
814,Team_3
815,Team_17
815,Team_3
815,Team_15
816,Team_18
816,Team_7
816,Team_4
817,Team_10
817,Team_6
817,Team_7
818,Team_7
818,Team_18
818,Team_3
819,Team_15
819,Team_7
819,Team_4
820,Team_19
820,Team_16
820,Team_5
821,Team_15
821,Team_3
821,Team_12
822,Team_17
822,Team_16
822,Team_1
823,Team_11
823,Team_17
823,Team_13
824,Team_6
824,Team_4
824,Team_7
825,Team_6
825,Team_11
825,Team_5
826,Team_19
826,Team_8
826,Team_14
827,Team_6
827,Team_7
827,Team_12
828,Team_15
828,Team_3
828,Team_1
829,Team_12
829,Team_1
829,Team_11
830,Team_3
830,Team_12
830,Team_9
831,Team_8
831,Team_3
831,Team_13
832,Team_11
832,Team_4
832,Team_17
833,Team_19
833,Team_6
833,Team_12
834,Team_9
834,Team_1
834,Team_4
835,Team_6
835,Team_1
835,Team_11
836,Team_19
836,Team_3
836,Team_14
837,Team_15
837,Team_14
837,Team_13
838,Team_12
838,Team_17
838,Team_1
839,Team_6
839,Team_3
839,Team_16
840,Team_12
840,Team_15
840,Team_9
841,Team_18
841,Team_14
841,Team_2
842,Team_3
842,Team_19
842,Team_12
843,Team_18
843,Team_4
843,Team_15
844,Team_4
844,Team_15
844,Team_5
845,Team_15
845,Team_11
845,Team_9
846,Team_6
846,Team_2
846,Team_18
847,Team_10
847,Team_17
847,Team_19
848,Team_16
848,Team_11
848,Team_10
849,Team_4
849,Team_3
849,Team_17
850,Team_4
850,Team_1
850,Team_3
851,Team_14
851,Team_10
851,Team_4
852,Team_15
852,Team_2
852,Team_5
853,Team_16
853,Team_2
853,Team_7
854,Team_9
854,Team_14
854,Team_3
855,Team_18
855,Team_10
855,Team_1
856,Team_4
856,Team_18
856,Team_6
857,Team_15
857,Team_17
857,Team_19
858,Team_9
858,Team_12
858,Team_11
859,Team_5
859,Team_2
859,Team_18
860,Team_2
860,Team_11
860,Team_10
861,Team_19
861,Team_17
861,Team_4
862,Team_2
862,Team_14
862,Team_3
863,Team_4
863,Team_3
863,Team_7
864,Team_18
864,Team_6
864,Team_2
865,Team_13
865,Team_12
865,Team_11
866,Team_7
866,Team_8
866,Team_10
867,Team_16
867,Team_4
867,Team_7
868,Team_19
868,Team_8
868,Team_10
869,Team_19
869,Team_13
869,Team_15
870,Team_18
870,Team_3
870,Team_6
871,Team_14
871,Team_17
871,Team_15
872,Team_4
872,Team_9
872,Team_13
873,Team_17
873,Team_3
873,Team_15
874,Team_2
874,Team_10
874,Team_18
875,Team_16
875,Team_3
875,Team_2
876,Team_11
876,Team_4
876,Team_15
877,Team_16
877,Team_6
877,Team_8
878,Team_16
878,Team_12
878,Team_14
879,Team_17
879,Team_19
879,Team_2
880,Team_14
880,Team_9
880,Team_2
881,Team_3
881,Team_18
881,Team_17
882,Team_15
882,Team_4
882,Team_3
883,Team_18
883,Team_3
883,Team_15
884,Team_13
884,Team_14
884,Team_16
885,Team_16
885,Team_18
885,Team_7
886,Team_4
886,Team_9
886,Team_14
887,Team_4
887,Team_11
887,Team_2
888,Team_2
888,Team_5
888,Team_14
889,Team_13
889,Team_18
889,Team_7
890,Team_19
890,Team_12
890,Team_7
891,Team_17
891,Team_15
891,Team_7
892,Team_11
892,Team_12
892,Team_8
893,Team_15
893,Team_18
893,Team_4
894,Team_2
894,Team_18
894,Team_9
895,Team_19
895,Team_15
895,Team_10
896,Team_12
896,Team_5
896,Team_11
897,Team_12
897,Team_2
897,Team_7
898,Team_7
898,Team_13
898,Team_17
899,Team_3
899,Team_7
899,Team_2
900,Team_8
900,Team_9
900,Team_1
901,Team_1
901,Team_3
901,Team_4
902,Team_17
902,Team_7
902,Team_8
903,Team_12
903,Team_9
903,Team_8
904,Team_11
904,Team_1
904,Team_12
905,Team_15
905,Team_17
905,Team_16
906,Team_18
906,Team_8
906,Team_14
907,Team_17
907,Team_2
907,Team_1
908,Team_10
908,Team_16
908,Team_8
909,Team_3
909,Team_7
909,Team_4
910,Team_14
910,Team_13
910,Team_8
911,Team_8
911,Team_4
911,Team_6
912,Team_8
912,Team_13
912,Team_11
913,Team_18
913,Team_2
913,Team_16
914,Team_12
914,Team_17
914,Team_18
915,Team_2
915,Team_7
915,Team_9
916,Team_2
916,Team_17
916,Team_14
917,Team_18
917,Team_14
917,Team_13
918,Team_11
918,Team_6
918,Team_8
919,Team_4
919,Team_8
919,Team_19
920,Team_6
920,Team_1
920,Team_4
921,Team_6
921,Team_11
921,Team_13
922,Team_7
922,Team_5
922,Team_6
923,Team_5
923,Team_10
923,Team_12
924,Team_2
924,Team_1
924,Team_10
925,Team_12
925,Team_4
925,Team_8
926,Team_12
926,Team_19
926,Team_11
927,Team_10
927,Team_1
927,Team_2
928,Team_9
928,Team_6
928,Team_18
929,Team_16
929,Team_4
929,Team_14
930,Team_12
930,Team_13
930,Team_10
931,Team_15
931,Team_14
931,Team_13
932,Team_19
932,Team_16
932,Team_14
933,Team_8
933,Team_5
933,Team_1
934,Team_16
934,Team_5
934,Team_11
935,Team_6
935,Team_7
935,Team_17
936,Team_4
936,Team_18
936,Team_10
937,Team_5
937,Team_19
937,Team_6
938,Team_14
938,Team_19
938,Team_3
939,Team_10
939,Team_2
939,Team_19
940,Team_19
940,Team_15
940,Team_4
941,Team_9
941,Team_1
941,Team_16
942,Team_15
942,Team_3
942,Team_8
943,Team_12
943,Team_9
943,Team_14
944,Team_1
944,Team_16
944,Team_18
945,Team_10
945,Team_3
945,Team_13
946,Team_4
946,Team_1
946,Team_18
947,Team_2
947,Team_4
947,Team_1
948,Team_12
948,Team_5
948,Team_17
949,Team_4
949,Team_1
949,Team_15
950,Team_3
950,Team_1
950,Team_8
951,Team_18
951,Team_6
951,Team_12
952,Team_4
952,Team_8
952,Team_9
953,Team_19
953,Team_7
953,Team_15
954,Team_17
954,Team_2
954,Team_5
955,Team_16
955,Team_13
955,Team_18
956,Team_2
956,Team_11
956,Team_19
957,Team_11
957,Team_17
957,Team_6
958,Team_16
958,Team_15
958,Team_12
959,Team_6
959,Team_2
959,Team_11
960,Team_13
960,Team_11
960,Team_15
961,Team_3
961,Team_16
961,Team_19
962,Team_18
962,Team_19
962,Team_11
963,Team_10
963,Team_4
963,Team_7
964,Team_2
964,Team_9
964,Team_11
965,Team_8
965,Team_3
965,Team_11
966,Team_2
966,Team_18
966,Team_12
967,Team_4
967,Team_6
967,Team_16
968,Team_1
968,Team_14
968,Team_11
969,Team_16
969,Team_14
969,Team_9
970,Team_2
970,Team_3
970,Team_19
971,Team_17
971,Team_10
971,Team_6
972,Team_14
972,Team_9
972,Team_12
973,Team_18
973,Team_8
973,Team_6
974,Team_11
974,Team_10
974,Team_12
975,Team_9
975,Team_10
975,Team_16
976,Team_10
976,Team_4
976,Team_7
977,Team_18
977,Team_2
977,Team_4
978,Team_19
978,Team_2
978,Team_13
979,Team_18
979,Team_11
979,Team_6
980,Team_9
980,Team_15
980,Team_7
981,Team_14
981,Team_7
981,Team_18
982,Team_3
982,Team_19
982,Team_5
983,Team_18
983,Team_10
983,Team_14
984,Team_4
984,Team_14
984,Team_8
985,Team_7
985,Team_16
985,Team_6
986,Team_6
986,Team_14
986,Team_13
987,Team_12
987,Team_5
987,Team_9
988,Team_12
988,Team_19
988,Team_1
989,Team_15
989,Team_6
989,Team_19
990,Team_3
990,Team_19
990,Team_15
991,Team_5
991,Team_15
991,Team_9
992,Team_3
992,Team_14
992,Team_7
993,Team_16
993,Team_6
993,Team_10
994,Team_8
994,Team_19
994,Team_15
995,Team_16
995,Team_1
995,Team_10
996,Team_1
996,Team_14
996,Team_3
997,Team_15
997,Team_12
997,Team_6
998,Team_4
998,Team_15
998,Team_14
999,Team_6
999,Team_1
999,Team_16
1000,Team_8
1000,Team_10
1000,Team_1
